"Sandoz, Inc."
Richardson-Merrell Inc.
Crown Zellerbach Corporation
Novagard Corporation
Hoffmann-La Roche Inc.
Standard Oil Company (Indiana)
Millmaster Onyx Corporation
The Upjohn Company
Chevron Research Company
BASF Aktiengesellschaft
GENERAL ELECTRIC COMPANY
The University of Illinois Foundation
Sterling Drug Inc.
Givaudan Corporation
The Firestone Tire & Rubber Company
Hoechst Aktiengesellschaft
Petro-Tex Chemical Corporation
Boehringer Ingelheim GmbH
Union Carbide Corporation
Advance Coatings Co.
Deutsche Texaco Aktiengesellschaft
Monsanto Company
The Goodyear Tire & Rubber Company
Eli Lilly and Company
Allied Chemical Corporation
SmithKline Corporation
The Dow Chemical Company
Pfizer Inc.
Cetus Corporation
Massachusetts General Hospital
American Hospital Supply Corporation
The Lummus Company
E. I. du Pont de Nemours and Company
Massachusetts Institute of Technology
Sandoz Ltd.
American Cyanamid Company 
U.S. Philips Corporation
"American Bioculture, Inc."
Dow Corning Corporation
Commercial Solvents Corporation
Enlight Corporation
Phillips Petroleum Company
Mobil Oil Corporation
John Wyeth and Brother Limited
Exxon Research & Engineering Co.
"Merck & Co., Inc."
"Hydrocarbon Research, Inc."
Ashland Inc.
Armour Pharmaceutical Company
Ciba-Geigy Corporation
Anelva Corporation
Warner-Lambert Company
Minerec Corporation
Celanese Corporation
Rochester Button Company
Syntro Corporation
Imperial Chemical Industries PLC
Aerojet-General Corporation
"AIR PRODUCTS AND CHEMICALS, INC."
American Home Products Corporation
The United States Energy Research and Development Administration
Toms River Chemical Corporation
"Sun Ventures, Inc."
Universal Oil Products Company
The Government of the United States as represented by the Secretary of the Department of Health and Human Services
Ciba-Geigy AG
Budapesti Muszaki Egyetem
Engelhard Minerals & Chemicals Corporation
"P. R. Mallory & Co., Inc."
Eastman Kodak Company
"PPG Industries Ohio, Inc."
"Halcon International, Inc."
A. H. Robins Company
"Fuji Photo Film Co., Ltd."
The B. F. Goodrich Company
The United States of America as represented by the Secretary of Agriculture
Velsicol Chemical Corporation
Alcolac Inc.
""
Gulf Oil Corporation
Th United States of America as represented by the Secretary of the Army
"Morton-Norwich Products, Inc."
G. D. Searle & Co.
Filtrol Corporation
UOP Inc.
Mead Johnson & Company
Texaco Development Corp. 
Bayer Aktiengesellschaft
Agence Nationale de Valorisation de la Recherche (ANVAR)
New England Nuclear Corporation
"Interface Biomedical Laboratories, Corp."
Colgate-Palmolive Company
"E. R. Squibb & Sons, Inc."
Cities Service Company
"Control Drug, Inc."
International Business Machines Corporation
Atlantic Richfield Company
United States Borax & Chemical Corporation
Research Corporation
Libbey-Owens-Ford Company
Shell Oil Company
Johns Hopkins Univ. 
"New Brunswick Scientific Co., Inc."
Endo Laboratories
The Institute for Cancer Research
American Monitor Corporation
Burroughs Wellcome Co.
Hooker Chemicals & Plastics Corporation
Toth Aluminum Corporation
"Burlington Industries, Inc."
Siemens Aktiengesellschaft 
The Baltimore Spice Company
"ND Industries, Inc."
Ceskoslovenska akademie ved
National Petro Chemicals Corporation
"Louisiana State University, "
Standard Oil Company a corporation of Indiana
"Miles Laboratories, Inc."
St. Luke's Hospital
Regents of the University of Minnesota
National Starch and Chemical Corporation
Saint-Gobain Industries
"Parke, Davis & Company"
Gulf Research & Development Company
"Marion Darrah and Joseph Y. Houghton, Co-trustees"
"The International Nickel Company, Inc."
Lever Brothers Company
Rohm and Haas Company
PENTAX Corporation
Ford Motor Company
"OTSUKA PHARMACEUTICAL CO., LTD."
Halcon Research and Development Corporation
Union Oil Company of California
American Hoechst Corporation
Nalco Chemical Company
The United States of America as represented by the Secretary of the Interior
Norton Company
"University Patents, Inc."
Texaco Inc. 
Nelson Research & Development Company
"Honeywell Information Systems, Inc."
W. R. Grace & Co.-Conn.
"Tenneco Chemicals, Inc."
"Surface Technology, Inc."
Battelle Memorial Institute
Lord Corporation
"Edwin Cooper, Inc."
Interx Research Corporation
"Ortho Diagnostic Systems, Inc."
"Tile Council of America, Inc."
Rohm and Haas
Standard Oil Co. (Indiana)
The Hanna Mining Company
"Data Medical Associates, Inc."
"Beckman Instruments, Inc."
"Arthur D. Little, Inc."
Dart Industries Inc.
"Calumet Industries, Inc."
"The Badger Company, Inc."
Henkel Kommanditgesellschaft auf Aktien
"Syntec, Inc."
Great Lakes Carbon Corporation
The Procter & Gamble Company
Indianapolis Center for Advanced Research
CHA Industries
International Minerals & Chemical Corp.
Battelle Development Corporation
Deutsche Gold- und Silber-Scheideanstalt Vormals Roessler
Scott Paper Company
"Meloy Laboratories, Inc."
Halcon Research and Development Corp.
The Gillette Company
MacDermid Incorporated
Hercules Incorporated
Conoco Inc.
Congoleum Corporation
Research Foundation of the City University of New York
General Foods Corporation
"Pacer Technology & Resources, Inc."
Kewanee Industries
Akzona Incorporated
Dynapol
The United States Government as Represented by the Department of Veterans Affairs
"The Halcon SD Group, Inc."
The Standard Products Company
The Regents of the University of California
"Uniroyal, Inc."
Abbott Laboratories
Felt Products Mfg. Co.
"Sherex Chemical Company, Inc."
"Kopper Company, Inc."
Alchem Capital Corporation
The British Petroleum Company p.l.c.
USV Pharmaceutical Corp.
Westvaco Corporation
Ricoh Company Limited
"Bell Telephone Laboratories, Incorporated"
President and Fellows of Harvard College
"Chloride Electro Networks, Division of Chloride, Inc., N. American Operation"
Hoechst-Roussel Pharmaceuticals inc.
Akzo N.V.
Syntex (U.S.A.) Inc.
"Genentech, Inc."
The Unites States of America as represented by the Department of Energy
FMC Corporation
G.D. Searle & Co.
International Telephone & Telegraph Corporation
Rhone Poulenc Inc.
"Whitney & Company, Inc."
Plastics Engineering Company
University of Utah Research Foundation
"Ashland Petroleum Company, division of Ashland Oil, Inc."
"Microlife Technics, Inc."
The United States of America as represented by the Secretary of the Navy
"Her Majesty the Queen in right of Canada, as represented by the Minister of Agriculture"
The Board of Trustees of the Leland Stanford Junior University
Research Triangle Institute
Agrigenetics Research Associates Limited
"Combustion Engineering, Inc."
United Catalysts Inc.
Yale University
"F. R. Squibb & Sons, Inc."
"Millmaster Onyx Group, Inc."
"Taisho Pharmaceutical Co., Ltd. "
Toray Industries Inc. 
Merrell Dow Pharmaceuticals Inc.
The B.F. Goodrich Company
University of Iowa Research Foundation
"InterNorth, Inc."
"Kinetic Systems, Inc."
CPC International Inc.
Institut Pasteur
Institut National de la Sante et de la Recherche Medicale (Inserm)
U.S. Peroxygen Company
Gtech Corporation
"Johnson & Johnson Products, Inc."
"Furukawa Electric Co., Ltd."
"Sun Tech, Inc."
Loctite (Ireland) Ltd
"Ricoh Co., Ltd."
Beatrice Foods Co.
"Hei, Inc."
The General Tire & Rubber Company
PRO-PURE INC.
Microlife Genetics
"Ackrad Laboratories, Inc."
The Electricity Council
National Research Development Corporation
Smith Kline Beckman Corporation
SMC Corporation
"Merk & Co., Inc."
"UMC Industries, Inc."
"Research Foundation for Mental Hygiene, Inc."
"Yeda Research and Development Co., Ltd."
UNIVERSITY OF UTAH
The General Hospital Corporation
"DeSoto, Inc."
Gas Research Institute
Apollo Chemical Corporation
"Key Pharmaceuticals, Inc."
"Hitachi, Ltd."
"Motorola, Inc."
"Ube Industries, Ltd."
"Kyowa Hakko Kogyo Co., Ltd."
"Litton Bionetics, Inc."
Bristol-Myers Squibb Company
Chiron Corporation
"Cornell Research Foundation, Inc."
"Gamma Medical Products, Inc."
Sanofi
The Texas A&M University System
"Albion International, Inc."
The Boeing Company
Wisconsin Alumni Research Foundation
Rhone-Poulenc Rorer S.A.
Monsanto Europe S.A.
"Calgene, Inc. "
Beloit Corporation
Niles Chemical Paint Co.
California Nickel Corporation
"QO Chemicals, Inc. "
The Regents of the Univ. of California
Stolle Research & Development Corporation
The Rockefeller University
"BIOGENICS, INC."
Amgen
BP Chemicals Limited
The American National Red Cross
Stauffer Chemical Co.
Atlantic Research Corporation
Intercraft Company
The Upjohn Co.
Agency of Industrial Science and Technology
Kollmorgen Technologies Corporation
HTC Corporation
California Institute of Technology
Queen's University at Kingston
"Protective Treatments, Inc."
Molecular Genetics Research and Development
"Damon Biotech, Inc"
"Board of Regents, University of Texas System"
Institut Francais du Petrole
James River Graphics
SRI International
University of Delaware
Serotonin Industries of Charleston
Minnesota Mining and Manufacturing Company
Henkel Corporation
"Morton Thiokol, Inc."
Kabushikikaisha Toshiba
Dow Corning S.A.
"Health Research, Incorporated "
GTE Laboratories Incorporated
University of Southern California
Sandoz Corp.
Sandoz Pharmaceuticals Corp.
Kimberly-Clark Corporation
Witco Corporation 
API CORPORATION
"Norwich Eaton Pharmaceuticals, Inc."
Research Foundation of State University of New York
Engelhard Corporation
Occidental Research Corporation
"Lubrizol Genetics, Inc."
The Board of Regents of the University of Nebraska
The Board of Regents of the University of Michigan
Molecular Genetics Research and Development Limited Partnership
"Riker Laboratories, Inc."
Commonwealth Medical Corporation of America
J. R. Simplot Company
GTE Products Corporation
Hoya Corporation
Witco Chemical Corporation
Washington Research Foundation
Dentsply Research & Development Corp.
Commonwealth Scientific & Industrial Research Organization
"Collaborative Research, Inc."
The Lubrizol Corporation
GA Technologies Inc.
The Public Health Research Institute of the City of New York
Mass. Inst. of Technology 
Molecular Detection Inc.
"Merck Frosst Canada, Inc."
Trustees of the Univ. of Massachusetts
The Univeristy of Southern Mississippi
First Chemical Corporation 
Kernforschungszentrum Karlsruhe G.m.b.H.
"Thermedics, Inc."
Sandoz Pharm. Corp.
"Biotechnica International, Inc."
"Sumitomo Pharmaceuticals Company, Limited"
Loctite Corporation
"Genetics Institute, Inc."
"Polymer Technology, Corp."
CENTRE NATIONAL DE LA RECHERCHE SCIENTIFIQUE
Research Development Corporation of Japan
"National Medical Care, Inc."
Clairol Incorporated
Pharmacia AB
"Integrated Genetics, Inc."
Inax Corporation
ALKON CORPORATION
UNITED PHARMACEUTICALS
Amgen Inc.
HIMONT Incorporated
"ZymoGenetics, Inc."
"Novagen, Inc."
Baylor College of Medicine
"Research Corporation Technologies, Inc."
Sharp Kabushiki Kaisha
Biogen N.V.
Covalent Technology Corporation
Interpore International
"Eltron Research, Inc."
Hoffmann-LaRoche Inc.
Brewer Science Inc.
"Matsushita Electric Industrial Co., Ltd."
University of Virginia Alumni Patents Foundations
Thiokol Corporation 
The Salk Institute for Biological Studies
Dana Farber Cancer Institute 
Sloan-Kettering Institute for Cancer Research
Elf France
Societa Italiana Vetro - SIV - S.p.A. 
The Children's Medical Center Corp.
Merichem Company
Amoco Corporation
"Essex Specialty Products, Inc."
Eye Research Institute of Retina Foundation
"Scientific Design Company, Inc."
Cold Spring Harbor Laboratory
"Cavedon Chemical Company, Inc."
MIT
Tufts College
New England Medical Center
Wellesley College
Pegatron Corporation
WM. WRIGLEY JR. COMPANY
Carnegie Mellon University
Mycogen Corporation
Collagenix Corporation
Camelot Industries Corporation
Vanderbilt University
Exxon Chemical Patents Inc.
American Health Foundation
Scripps Clinic and Research Foundation
RCA Corporation
"Boyce Thompson Institute for Plant Research, Inc. "
Juridical Foundation The Chemosero Therapeutic Research Institute
Emory University
Genzyme Corporation
Den Norske Stats Oljeselskap A.S.
Collagen Corporation
University of Manitoba
"Shin-Etsu Chemical Co., Ltd."
"McNeilab, Inc."
Worcester Foundation for Experimental Biology
University of Tennessee Research Corporation
University of Georgia Research Center
Licentia Patent-Verwaltungs-GmbH
UOP
"Biomeasure, Inc."
American Natural Sound Company
"Diamond Sensor Systems, Inc."
"Ceradyne, Inc."
James River Corporation of Virginia
NEC Corporation
Genesis Research Corporation
Gesellschaft fur Biotechnologische Forschung
University of Hawaii
Canadian Patents and Development Limited
Bio-Technology General Corp.
Graniteville Company
Himont Inc.
The United States of America as Represented by the Administrator of the National Aeronautics and Space Administration
Appleton Papers Inc.
The Trustees of Boston University
H. J. Heinz Company
Fred Hutchinson Cancer Research Center
Combe Incorporated
Psi Star
Aluminum Company of America
"BIO MED SCIENCES, INC."
"Sybron Chemicals, Inc."
"Pfizer Hospital Products Group, Inc."
"Thermal Technologies, Inc."
"Gas-To-Oil, Inc."
"Louisana State University Board of Supervisors, Louisana State University"
"Albert Einstein College of Medicine of Yeshiva University, a Division of Yeshiva University"
"Lipha Chemicals, Inc."
Rorer Pharmaceutical Corporation
Rorer Biotechnology Inc.
CODON
Arco Chemical Technology L.P.
Ohio University
Biogen MA Inc.
La Jolla Cancer Research Foundation
Albright & Wilson Limited
"Baxter Travenol Laboratories, Inc."
"Hisamitsu Pharmaceutical Co., Inc."
"Lanxide Technology Company, LP"
"Becton, Dickinson and Company"
University of Rochester
Purdue University
Washington University
Union Carbide Chemicals and Plastics Inc.
Sollac
W. R. Grace K.K.
TMCA Foundation Inc.
"MedChem Products, Inc."
Lion Corporation
Bristol-Meyers Company
Westinghouse Electric Corp.
Institut Textile de France
Mitsubishi Denki Kabushiki Kaisha
Council of Scientific and Industrial Research
"Epitope, Inc."
R. P. Scherer Corporation
Centocor
Aristech Chemical Corp 
Beecham Group p.l.c.
Mitsubishi Metal Corporation
"Reichhold Chemicals, Inc."
"Pioneer Hi-Bred International, Inc."
"Life Technologies, Inc."
EVGA.com Corporation
Alkaril Chemicals Inc.
Hiechst Celanese Corporation
Purdue Research Foundation
Whitehead Institute for Biomedical Research 
Delta Biotechnology Limited
Glaxo Group Limited
California Biotechnology Inc.
The Trustees of Columbia University in the City of New York
"Vestar, Inc."
The University of Pittsburgh
Oklahoma Medical Research Foundation
The Ohio State University
"Associated Universities, Inc."
"Dana-Farber Cancer Institute, Inc."
"University of Georgia Research Foundation, Inc."
Repligen Corporation
The United States of America as represented by the Secretary of the Air Force
The Jackson Laboratory
DNA Plant Technology Corporation
"Aerovironment, Inc."
Dymax Corporation
Unilever Patent Holdings B.V.
"Bio-Metric Systems, Inc."
Southwest Foundation for Biomedical Research
John Hopkins University
The Board of Regents of the Univ. of California
Temple University of the Commonwealth System of Higher Education
"Nantero, Inc."
"Dow Corning Toray Silicone Company, Ltd."
Unisys Corporation
Montefiore Medical Center
"New England Biolabs, Inc."
The Arizona Board of Regents
"Environmental Science & Engineering, Inc."
The Royal Institution for the Advancement of Learning/McGill University
Biogold Inc.
The Wistar Institute
Thomas Jefferson University
Rhone-Poulenc Rorer Pharmaceuticals Inc.
Essex Composite Systems
"Intermedics Orthopedics, Inc."
Nutrition 21 
"Triton Biosciences, Inc."
The Pennsylvania State University
"Lubrizol Enterprises, Inc."
Genomyx Inc. 
"Biogen, Massachusetts"
"Protein Design Labs, Inc."
Agracetus
Telegen Corporation
University of Florida
"KVH Industries, Inc."
"MRA Laboratories, Inc. "
"The Public Health Research Institute of New York, Inc. "
"Mallinckrodt, Inc."
Bristol-Myers
"Berlex Laboratories, Inc. "
University of Medicine and Dentistry of New Jersey
Novo Nordisk A/S
"E.R. Squibb & Sons, Inc."
Schering Berlin Polymers Inc.
"Iowa State University Research Foundation, Inc. "
The Du Pont Merck Pharmaceutical Company
The University of Texas Board of Regents 
XOMA Corporation
"Board of Regents, University of Houston"
Anti-Gene Development Group
Rexham Corporation
"Medtronic, Inc."
"Bisco, Inc."
Oregon State University
"Advanced Technology Materials, Inc."
Univerity of Oregon
"American Biogenetic Sciences, Inc."
Weyerhaeuser NR Company
The Regents of the University of Michigan
Exxon Production Research Co.
Tosoh Corporation
PruTech Research and Development Partnership
Schwarzkopf Development Corporation
mVerify Corporation
OILES CORPORATION
"Advanced Environmental Technologies, Inc."
"UCB, S.A."
"Daikin Industries, Ltd."
AlliedSignal Inc.
"Quantum Group, Inc."
Rutgers Research and Educational Foundation
Texaco Chemical Company
"Lever Brothers Company, Division of Conopco, Inc. "
Union Carbide Chemicals & Plastics Technology Corporation
Protor Co.
"Her Majesty the Queen in right of Canada, as represented by the National Research Council of Canada"
National Distillers and Chemical Corporation
"McNeil-PPC, Inc."
The Pennsylvania Research Corporation
Government of the United States of America
Ohio University Edison Animal Biotechnology Institute
"New England Medical Center Hospitals, Inc."
Acme Resin Corporation
"Praxis Biologics, Inc."
Edison Animal Biotechnology Center/Ohio University
"Cirrus Diagnostics, Inc."
"Connaught Laboratories, Inc."
Chevron Research and Technology Company
United Technologies Corporation
Chisso Corporation
"Genencor International, Inc."
Therion Biologics Corporation
The University of Michigan
"J. G. S. Research Company, Inc."
Protein Engineering Corporation
Xerox Corporation
Z-Loda Corporation
UAB Research Foundation
Takasago International Corporation
"Bell Communications Research, Inc."
University of Vermont
Industrial Technology Research Institute
"Biopool International, Inc."
Oncogen
Applied Research Systems ARS Holding N.V.
"Solvay Enzymes, Inc."
Dragerwerk Aktiengesellschaft
Microgenics Corporation
"Baker Cummins Pharmaceuticals, Inc."
Schering Corporation
THE UNIVERSITY COURT OF THE UNIVERSITY OF GLASGOW
"Molecular Diagnostics, Inc."
"Uniroyal Chemical Company, Inc."
Stratagene 
"Borden, Inc."
Binney & Smith Inc.
Eastman Chemical Company
"Pitman-Moore, Inc."
"Mooney Chemicals, Inc."
Riley Stoker Corporation
Ecolab Inc.
BASF Corporation 
Temple University
AT&T Bell Laboratories
"Molecular Therapeutics, Inc."
NCR Corporation
Health Research Inc.
"Samsung Electronics Co., Ltd."
The Trustees of the University of Pennsylvania
"H.sub.2 O Chemists, Inc."
Nestec S. A.
The University of Maryland
Enzon Labs Inc.
The Board of Trustees of the University of Illinois
C-One Technology Corporation
The Mount Sinai School of Medicine of the City University of New York 
Trustees of the Univ. of Penna.
Enthone-Omi Inc.
H.J. Heinz Company
Texas A & M University System
Brigham and Women's Hospital
GenCorp Inc.
Quest International Flavors & Food Ingredients Co.
"Trigen, Inc."
International Technology Corporation
Degussa AG
Wayne State University
Duke University
North Carolina State University
University of Southampton
Baxter International Inc.
Clintec Nutrition Co.
"Mayur Technologies, Inc."
"Cheil Industries, Inc."
California Institute of Biological Research
"Erika, Inc."
PruTech R&D Partnership II
University of Health Sciences/The Chicago Medical School
"Allergan, Inc."
Protein Engineering Corp.
"Praxair Technology, Inc."
The Glidden Company
ARCH Development Corporation
"Shin-Etsu Bio, Inc."
Universiti Malaya
"T Cell Sciences, Inc."
New York University
"Creative BioMolecules, Inc."
"Miles, Inc."
Solarex Corporation
The Standard Register Company
Hughes Aircraft Company
"Allelix, Inc."
Georgetown University
The Scripps Research Institute
Medical Research Council 
China Petrochemical Development Corporation
"Igen, Inc."
The Biomembrane Institute
Rashman Corporation
Alliant Techsystems Inc.
Biotechnology Research and Development Corporation 
Beth Israel Hospital Association
SmithKline Beecham Corporation
"International Genetic Engineering, Inc."
"Protein Polymer Technologies, Inc. "
"Automedix Sciences, Inc."
Corning Incorporated
Lockheed Corporation
"Sumitomo Electric Industries, Ltd."
"Astrolab, Inc."
"Tanox Biosystems, Inc."
Bridgestone Corporation
Energy and Environmental Research Center Foundation (EERC Foundation)
The Trustees of the Rockefeller University
"Regeneron Pharmaceuticals, Inc."
Sterling Winthrop Inc.
The Immune Response Corporation
"Glyko, Inc."
"Salk Institute Biotechnology/Industrial Associates, Inc."
The State of Oregon Acting by and through the State Board of Higher Education on Behalf of Oregon State University
Quest International Flavors & Food Ingredients Company
University of Vermont and State Agricultural College
Scios Nova Inc.
"Gilead Sciences, Inc."
Advanced Energy Technology Inc.
The Board of Supervisors of Louisiana State University and Agricultural and Mechanical College
"Adco Products, Inc."
University of South Florida
"HPI Health Protection, Inc."
Miller Brewing Company
Habley Medical Technology Corporation
"Cadence Design Systems, Inc."
Ciba Corning Diagnostics Corp.
Sony Corporation
"Petro Environmental Technologies, Inc."
The Johns Hopkins University School of Medicine
"University of Georgia Research Foundation, Inc. Boyd Graduate Studies Research Center"
"Elf Atochem North America, Inc."
Raytheon Company
"Boehringer Ingelheim Pharmaceuticals, Inc."
"Medison Co., Ltd."
Cygnus Therapeutic Systems
Institute National de la Sante et de la Recherche Medicale (INSERM)
THE TRUSTEES OF DARTMOUTH COLLEGE
Children's Hospital Medical Center
Biosource Genetics Corp.
American Dental Association Health Foundation
"Morton International, Inc."
"The Board of Trustees, University of Illinois at Urbana-Champaign"
Nalco Chamical Company
"Hi-Tech Bio-Tech, Inc."
The Center for Innovative Technology
United States/National Institutes of Health
Fox Chase Cancer Center
Electronic Data Systems Corporation
The Sierra Horticultural Products Company
"Cognio, Inc."
"The Brigham & Women's Hospital, Inc."
Research Development Foundation
"Yellowstone Environmental Science, Inc."
The Ohio State University Research Foundation
"ALPS ELECTRIC CO., LTD."
University of Miami
"Genencor, Inc."
Inland Steel Company
Louisiana State University and Agricultural and Mechanical College 
Whalen Biomedical Inc.
The Curators of the University of Missouri
"Exogen, Inc."
Commissariat a l'Energie Atomique
"W. L. Gore & Associates, Inc."
"Genecor International, Inc."
Virogenetics Corporation
"Idaho Research Foundation, Inc."
AWC. Inc.
"Matsushita Electric Works, Ltd."
Huntsman Specialty Chemicals Corporation
United States Surgical Corporation
"Mycogen Plant Science, Inc."
Medical College of PA
"University of Michigan, The Board of Regents acting . . ."
NOK Corporation
The University of Houston System
Washington State University Research Foundation
Kansas State University Research Foundation
"Ovonic Battery Company, Inc."
"Rutgers, The State University of New Jersey"
"Panasonic Technologies, Inc."
Cook Composites and Polymers Co.
"Pilkington Aerospace, Inc."
Northwestern University & Foundation
Wisconsin Alumni Research
Antivirals Inc.
DSM Desotech. Inc.
Safelite Glass Corporation
Georgia Tech Research Corporation
"Zeon Chemicals USA, Inc."
New York University Medical Center
"Thermtec, Inc."
"Valence Technology, Inc. "
GEN-PROBE INCORPORATED
"Oncogene Science, Inc."
Trustees of Princeton University
"Nepera, Inc."
Bio-Technical Resources
National Research Council of Canada
City of Hope
"Bridgestone/Firestone, Inc."
"Ventritex, Inc."
"Systemix, Inc. "
The Research Foundation of City College of New York 
Lintec Corporation
"Cell Genesys, Inc. "
Univ. of North Carolina at Chapel Hill
"Catalytica, Inc."
Smith & Nephew Richards Inc.
"Agritope, Inc. "
The University of North Carolina at Chapel Hill
"Sun River Innovations, Ltd."
Chevron Chemical Company 
C. D. Searle & Co.
Tokin Corporation
"Bio-Rad Laboratories, Inc."
"Silicon Resources, Inc."
Cambia Biosystems. L.L.C.
"Nippon Soken, Inc."
Arizona Technology Development Corporation
"University of Florida Research Foundation, Inc."
"Target Therapeutics, Inc."
"Bionutratech, Inc."
Wilson Greatbatch Ltd.
H. B. Fuller Licensing & Financing Inc.
"Shearwater Polymers, Inc."
"The State of University of New Jersey, Rutgers"
McGill University
"Caudill Seed Company, Inc."
Florida State University
"Fastrac Systems, Inc."
"Cambridge Scientific, Inc."
"Isis Pharmaceuticals, Inc."
Newcon Company
"Center for Blood Research, Inc."
National Science Council 
"Organogenesis, Inc."
Hampshire Chemical Corp. 
"Surface Engineering Technologies, Division of Innerdyne, Inc."
Akzo Nobel N.V.
"Kop-Coat, Inc."
Symetrix Corporation 
"CytoMed, Inc."
"State of Oregon acting by and through The Oregon State Board of Higher Education on behalf of Oregon, State Univeristy"
"Celtrix Pharmaceuticals, Inc."
AT&T Global Information Solutions Company
Hyundai Electronics America
TDK Corporation
UT SW Medical CTR at Dallas
JSF Consulants Ltd.
"Oncogen, Inc."
"Edible Vaccines, Inc."
Universite Louis Pasteur
Mycotech Corporation
Instron Corporation 
Chimer
Osram Sylvania Inc.
"Olympus Optical Co., Ltd."
Amersham International plc.
"Agracetus, Inc."
University of British Columbia
"Biosource Technologies, Inc."
Beth Israel Hospital Boston Association
"Candle Distributed Solutions, Inc."
"Her Majesty the Queen in right of Canada, as represented by the Department of Agriculture"
Agri-Food Canada 
Indiana University Foundation
Ligand Pharmaceuticals 
Dade International Inc. 
"Alkon Laboratories, Inc."
The University of Akron
DeKalb Genetics Corporation
Trustees of Tufts College
"Applied Chemical Technologies, Inc."
"Almell, Ltd."
James Madison University
Midwest Research Institute 
MacMillan Bloedel Limited
Cambridge Biotech Corporation
Fiber Resin Corp.
"Biostar, Inc."
Boehringer Ingelheim International GmbH
"Xomed, Inc."
Lonza Inc.
Symbios Logic Inc. 
Toda Kogyo Corporation
Quantum Chemical Corporation
"Ultradent Products, Inc."
"Krones, Inc."
Biomerieux S.A.
Stanford University
Mt. Sinai School of Medicine of the City University of New York
Seal-Ryt Corporation
"Ambion, Inc."
Merrell Pharmaceuticals Inc.
NORTHWESTERN UNIVERSITY
National Starch and Chemical Investment Holding Corporation
Immulogic Pharmaceutical Corporation
Forsyth Dental Infirmary for Children
Biogal Gyogyszergyar
Southern Research Institute
University of Alabama at Brimingham Research Foundation
Board of Revents of University of Colorado
"Advanced Bio Surfaces, Inc."
"Hitachi Chemical Research Center, Inc."
Hewlett-Packard Company
"Advanced Tissue Sciences, Inc."
"Eisai Co., Ltd."
"Chesebrough-Pond's USA Co., Division of Conopco, Inc."
Genesco Inc.
E.I. du Pont de Nemours and Company
New Jersey Institute of Technology
Maxus Energy Corporation
"Alexion Pharmaceuticals, Inc."
Mitokor
Rhone-Poulenc Inc.
Xaos Tools
"Martin Marietta Energy Systems, Inc."
"Foremost Solutions, Inc."
University of Pennsylvania
Cytec Technology Corp. 
"Gen Trak, Inc. "
Bayer Corporation
The Penn State Research Foundation
General Motors Corporation
"Airborn, Inc."
American Standard Inc.
Groth Corporation
Ludwig Institute for Cancer Research. 
University of Washington 
University of Virginia Patent Foundation
University of Kentucky Research Foundation
Rochester Gas & Electric
"University of Colorado Foundation, Inc."
"Sanofi Winthrop, Inc."
"Au Pharmaceuticals, Inc. "
"Union Bank of California, N.A."
"Omnigene, Inc."
Vical Incorporated
"Cytoclonal Pharmaceutics, Inc. "
Fujitsu Limited
Case Western Reserve University
"Hybridon, Inc."
The University of Nottingham
Ambergene Corporation
"H&H Eco Systems, Inc. "
"Videojet Systems International, Inc."
"BioNebraska, Inc."
"Board of Regents, The Univ. of Texas System"
"Gelman Sciences, Inc."
"CRP, Inc."
"Catalytic Antibodies, Inc."
"Molecular Biology Resources, Inc."
Rutgers University
University of Hull
DIC Corporation
Affymax Technologies N.V. 
Board of Trustees Operating Michigan State University
The Board of Regents of the University of Oklahoma
Scientific Generics Ltd. 
Product Services Co.
State University of New York at Stony Brook
"Smith & Nephew, Inc."
Salk Institute
"Genpharm International, Inc."
"The Population Council, Center for Biomedical Research "
Microbial and Aquatic Treatment Systems
University of Maryland Biotechnology Institute
"Theriod Biologics, Incorporated"
"SSI Technologies, Inc."
The United States Goverment as represented by the Administrator of the Environmental Protection Agency
Clariant Finance (BVI) Limited
Quest International B.V.
"Novo Nordisk Biotech, Inc."
Mitac Technology Corp.
Avigen
Canon Kabushiki Kaisha
"Myriad Genetics, Inc."
Korea Research Institute of Chemical Technology
"Gore Hybrid Technologies, Inc."
"Research & Diagnostic Systems, Inc."
"Cubist Pharmaceuticals, Inc."
"Arizona Board of Regents, a body corporate of the State of Arizona, Acting for and on behalf of Arizona State University"
"Shenjey Industrial Co., Ltd."
"Stanley Electric Co., Ltd."
Assistance Pulique-Hôpitaux de Paris
"Tularik, Inc."
Lear Corporation
Chiron Diagnostics Corporation 
"CytoTherapeutics, Inc. "
"Anticancer, Inc."
Novartis Corporation
"Transkaryotic Therapies, Inc."
Alkermes Controlled Therapeutics Inc. II
"COBE Laboratories, Inc."
BCE Inc.
"Progenitor, Inc."
"Incyte Pharmaceuticals, Inc."
Univ. of Connecticut
Immunivest Corporation
North Dakota State University of Agriculture and Applied Sciences
J.R. Simplot Company
"OsteoArthritis Sciences, Incorporated"
Drexel University
Gould Electronics Inc.
IDEC Pharmaceutical Corporation
"Transitions Optical, Inc."
"SymBioTech, Inc."
The Wistar Institute of Anatomy and Biology
The Children's Hospital of Philadelphia
Northeastern Ohio University 
Hach Company
"Alkermes, Inc. "
"Harvard University, Office of Technology Transfer "
Novartis Finance Corporation
Michigan State University
University of Pittsburgh of the Commonwealth System of Higher Education
Targeted Genetics Corporation
"Exponential Biotherapies, Inc. "
"Molecular Biosystems, Inc. "
"Genetic Therapy, Inc."
National Institutes of Health
Sony Chemicals Corporation 
Northeastern Ohio Universities College of Medicine
University of Massachusetts Medical Center
BLOODCENTER  RESEARCH FOUNDATION
Carnegie Institution of Washington
Donnelly Corporation
"Virginia Tech Intellectual Properties, Inc."
Thiele Kaolin Company
"ImmunoGen, Inc."
San Diego Regional Cancer Center 
Somatix Therapy Corporation 
Howard Hughes Medical Institute
"Millennium Pharmaceuticals, Inc."
Arizona Board of Regents on Behalf of the University of Arizona
"ProScript, Inc. "
Bayer AG
"Donald Guthrie Foundation for Medical Research, Inc. "
Hahnemann University
The Medical College of Pennsylvania
"Terrapin Technologies, Inc."
Sidney Kimmel Cancer Center
Medical Sciences Research Institute
Mayo Foundation for Medical Education and Research
IBEX Technologies Corp.
Lockheed Idaho Technologies Company
Solvay Interox
"Orthovita, Inc."
New England Med. Center Hospitals 
"New York Blood Center, Inc."
Glaxo Wellcome Inc.
Pitts-Mont Environmental Reclamation Corporation 
Central Products Company
Boston University
"Optical Polymer Research, Inc."
Therion Biologics 
The Dupont Merck Pharmaceutical Company
The University of Texas Systems
Auburn University
Hysitron Incorporated
"Hawaii Biotechnology Group, Inc."
Genetic Information Research Institute 
"Human Genome Sciences, Inc."
"Lockheed Martin Energy Systems, Inc. "
Exxon Reseach and Engineering Company
"Highland Industries, Inc."
Hehr International
Valleylab Inc 
Kerr-McGee Chemical Corporation
"Complex Fluid Systems, Inc. "
National Jewish Center For Immunology and Respiratory Medicine
Molecular Geriatrics Corporation
"Armstrong World Industries, Inc."
"Nexstar Pharmaceuticals, Inc."
Bee Chemical Co.
"The United States of America as represented by the Department of Health and Human Services, National Institutes of Health, Office of Technology Transfer"
"Merck, Sharp & Dohme Ltd."
Janssen Pharmaceutica NV
Pharmacia & Upjohn Company
The Hospital for Joint Disease Orthopaedic Institute
"Dendritech, Incorporated"
Xenotech Incorporated 
Pharmacia & Upjohn S.p.A.
"Somatogen, Inc."
Burstein Laboratories
Cantab Pharmaceuticals Research Limited
Ciba Specialty Chemicals Corp.
GUILD ASSOCIATES INC.
"Athena Neurosciences, Inc."
Environmental Research Institute of Michigan
"Avila Therapeutics, Inc."
University of Kentucky
Hoechst Schering AgrEvo GmbH 
Delta and Pine Land Company
The Board of Supervisors of Louisana State and Agricultural and Mechanical College
"Agritech Technologies, Ltd. "
Yissum Research Development Co. of the Hebrew University of Jerusalem
G-Tekt Corporation
"Ribozyme Pharmaceuticals, Inc."
DSM Copolymer Inc.
Children's Hospital Boston
Rhone Mereiux
"Yissum, Research Development Company of the Hebrew University of Jerusalem"
"Procept, Incorporated "
Michigan Molecular Institute
"University of California, San Franciso "
The Burnham Institute
"UNIVERSITY OF MARYLAND, COLLEGE PARK"
Iomega Corporation
McMaster University
"Borden Chemical, Inc. "
Wound Healing of Oklahoma
Qiagen GmbH
Rayovac Corporation
The Perkin-Elmer Corporation
"The Samuel Roberts Noble Foundation, Inc."
"Oncormed, Inc."
University Technology Corporation
"Clinical Technologies, Inc."
"Evans Capacitor Company, Incorporated "
Energy and Environmental Research Corporation 
"RDP Technologies, Inc."
Molecular Solutions 
"Rutgers, The State University"
Archer Daniels Midland Company
Pharmacia Biotech AB
California Pacific Medical Center
Weyerhaeuser
"Advanced Micro Devices, Inc."
"MG-PMC, LLC "
"Truevine, Inc."
"Genemedicine, Inc. "
Vertex Pharmaceuticals Incorporated
Heska Corporation
"Genelabs Technologies, Inc. "
"Sepracor, Inc."
"Inland Consultants, Inc. "
"Geobiotics, LLC."
Schering-Plough Corporation
"Van den Bergh Foods Company, division of Conopco, Inc."
"Louisiana State University Board of Supervisors, a Governing Body of Louisiana State University Agricultural and Mechanical College "
"Sequana Therapeutics, Inc. "
Novartis Corp.
University of Kansas Medical Center
Barnes-Jewish Hospital
Mount Sinai Medical Center
Saint Louis University
The Board of Regents Acting for and on Behalf of The University of Michigan
Joslin Diabetes Center 
Allergan
"Codon Pharmaceuticals, Inc."
Genitope Corporation
Texas Biotechnology Corporation
"Agrigenetics, Inc."
"Lynx Therapeutics, Inc. "
"Praecis Pharmaceuticals, Inc. "
Ramareddy Venkata Guntaka 
Chromaxome Corporation 
"Genatek, Inc."
Seagate Technology LLC
Smithkline Beecham Biologicals SG
"Hoechst Marion Roussel, Inc."
Nanogen
"Southeastern Technologies, Inc. "
"Iron Dynamics, Inc."
"Genpharm Internation, Inc."
"Unigene Laboratories, Inc."
2109617 Ontario Inc.
Hospital for Joint Diseases 
Discovision Associates
"GeneBioMed, Inc. "
Univ. of Florida Research Foundation
Mississippi State University
Sandia Corporation
"Novavax, Inc."
"Chartered Semiconductor Manufacturing, Ltd."
"Pharmadigm, Inc."
"Sun Microsystems, Inc."
"Cardiotronics Systems, Inc. "
Vanguard International Semiconductor Corporation
"Immune Modulation, Inc. "
Twenty-First Century Research Corporation
Pres. and Fellows of Harvard College 
Whitehead Institute
Forschungszentrum Jülich GmbH
The Picower Institute for Medical Research 
The University of Sydney 
"ProdiGene, Inc."
"Corvas International, Inc."
MFM Environmental Co. 
"S.S.C.I., Inc."
Japan Science and Technology Corporation
AMBRA BIOSCIENCE LLC
"Silicon Graphics, Inc."
"Beth Israel Deaconess Medical Center, Inc."
"Signal Pharmaceuticals, LLC"
"Genetech, Inc."
DNX Biotherapeutics 
Nordischer Maschinenbau Rud. Baader GmbH & Co KG
"Herbert's Powder Coatings, Inc. "
Paradyne Corporation
Alliance Pharmaceutical Corp.
The Ohio State Research Foundation
The Dexter Corporation
The Board of Trustees for the Leland Stanford Junior University
University of North Carolina
MegaMOS Corporation
"St. Elizabeth's Medical Center of Boston, Inc. "
The American Red Cross
"Nycomed Salutar, Inc."
Nissen Corporation
"Isolab, Incorporated"
Novartis AG
Medical College of Ohio
University of Medicine & Dentistry of N.J.
"Canji, Inc."
UOP LLC
Amrad Corporation Limited 
"Roche Diagnostic Systems, Inc. "
Cardiogenesis Corporation
Columbia University
Emoery University
Aviron 
The Cleveland Clinic Foundation
Human Gene Therapy Research Institute
"Third Wave Technologies, Inc."
"Apoptosis Technology, Inc."
Avigen Incorporated 
"Bayer Corporation (Formerly Molecular Diagnostics, Inc.) "
Bristol-Myers Squibb Pharmaceutical Research Institute-Seattle 
St. Jude Children's Research Hospital
Eastern Virginia Medical School
"Vical, Inc."
University of Texas Health Science Center Houston
The Administrators of the Tulane Educational Fund
Stromagene Corporation 
"Gene Therapy Sciences, Inc. "
"Ontogeny, Inc."
"Cargill, Incorporated"
"Apollon, Inc. "
The Secretary of State for Defence in her Britannic Majesty's Government of the United Kingdom of Great Britain and Northern Ireland
Kimberly-Clark Worldwide
"C-Tec, Inc."
THE MCLEAN HOSPITAL CORPORATION
Onyx Pharmaceuticals
Cytel Corporation
Utah State University
Protein Sciences Corporation
Children's Medical Center
Dana Farber Cancer Institute & Tufts University
"Genetronics, Inc."
Dade Behring Inc.
"Pfizer Pharmaceuticals, Inc."
University of Dundee
"Circuit Foil U.S.A., Inc."
The Leland Stanford Junior University Board of Trustees
"Advanced NMR Systems, Inc."
Calgene LLC
Indiana Crop Improvement Association 
"The Coleman Company, Inc."
St. Louis University 
Fuisz Technologies Ltd.
Boston Scientific Corporation
Wake Forest University
Brookhaven Science Associates LLC 
Board of Trustees of Leland S. Stanford Jr. University
Progenics Pharmaceuticals Inc.
University of Maryland-Biotechnology Inst.
"The Gene Pool, Inc."
"Mercator Genetics, Inc. "
Fair-Rite Products Corporation
Ciba Vision Corporation
Tetra Laval Holdings & Finance S.A.
Aphios Corporation 
University of Massachusetts
"Ford Global Technologies, Inc."
The University of Arkansas for Medical Sciences
"Torvec, Inc."
"Rock Solid Systems, Inc."
Board of Control of Michigan Technological University
"Exact Laboratories, Inc."
Avery Dennison Corporation
"Matrix Environmental Technologies, Inc."
"Thymon, LLC"
"St. Jude Medical, Inc."
"Corsair Communications, Inc."
"Surface Genesis, Inc."
Eastern Virginia Medical School of the Medical College of Hampton
The University of Connecticut
Magainin Pharmaceuticals Inc. 
IEG Technologies Corp.
Mount Sinai School of Medicine
Degussa-Hüls Aktiengesellschaft
Salutar Inc.
Sarnoff Corporation
Osteo Screen
Reconstructive Technologies
"JCR Pharmaceuticals Co., Ltd."
"Osteoscreen, Inc."
"Michigan State University, Board of Trustees"
Advanced Research & Technology Institute
Lockheed Martin Idaho Technologies Company 
"Performance Plants, Inc."
"BioTransplant, Inc."
Exxon Chemical COmpany
"Powderject Vaccines, Inc."
University of Texas at Austin
Oregon Health Sciences University
Innovative Formulations
"FIBROGEN, INC."
"Korea Kumho Petrochemical Co., Ltd."
Ultramet
BP Amoco Corporation
"Valentis, Incorporated"
"Stratagene, La Jolla, California"
"North Dakota State University, Dept. of Agriculture"
National Jewish Medical and Research Center
Korea Institute of Science and Technology
The Regents of the University of Colorado
"Epoch Pharmaceuticals, Inc."
"Dendritech, Inc."
GA-TEK Inc.
"Bio-Mimetics, Inc."
"Abgenix, Inc."
TRW Inc.
University of Massachusetts as represented by its Amherst Campus
"Met One, Inc."
MUSC Foundation for Research Development
"Onyx Pharmaceuticals, Inc."
"OMS Investments, Inc."
Energy BioSystems Corporation
"Avinger, Inc."
"Sunoco, Inc. (R&M)"
Hartford Hospital
Hadasit Medical Research Services & Development Company Ltd.
"Demegen, Inc."
Strang Cancer Prevention Center
Lockheed Martin Energy Research Corp.
EMEC Consultants
Covalent Associates Incorporated 
"Microcide Pharmaceuticals, Inc."
"Clontech Laboratories, Inc."
The Leland Stanford Junior University
"COBE Cardiovascular Operating Co., Inc."
MED USA
Rosetta Inpharmatics LLC
"University of Maryland, Baltimore County"
The University of Mississippi
"American Cyanamid Co. and Bactex, Inc."
Massey University
"IBC Pharmaceuticals, Inc."
The Board of Trustess of the University of Illinois
"Genaissance Pharmaceuticals, Inc."
"MEMC Electronic Materials, Inc."
Loma Linda University
The Board of Trustees of the University of Arkansas
Dow AgroSciences LLC
"OsteoBiologics, Inc."
Usbiomaterials Corporation
CuraGen Corporation
3M Innovative Properties Company
"Osprey Biotechnics, Inc."
Byk Gulden Lomberg Chemische Febrik GmbH
"Amira Pharmaceuticals, Inc."
Allegheny University of the Health Sciences 
Nippon Mektron Limited
"Avant Immunotherapeutics, Inc."
Board of Trustees of the University of Kentucky 
Dalhousie University
"Enzo Diagnostics, Inc."
Universite Laval
"Northwest Biotherapeutics, Inc."
Kenton W. Gregory & Sisters of Providence
ALG Company
Duke University Medical Center
Genome International Corporation
The Board of Trustees of Southern Illinois University
University of California 
"Arcaris, Inc."
"Lumigen, Inc."
AMCOL International Corporation
Dendreon Corporation
Arizona State University
"Scriptgen Pharmaceuticals, Inc."
ZymoGenetics Corporation
Enor Corporation
"Roche Vitamins, Inc."
"Infigen, Inc."
"Epolin, Inc. "
University of Mississippi Medical Center
Iogen Corporation
Albert Einstein College of Medicine of Yeshiva University
University of Alabama Research Foundation and Southern Research Institute
"New York Blood, Inc."
"Mitsubishi Polyester Film, LLC"
Biointerventional Corporation
Dade Behring Marburg GmbH
"Competitive Technologies, Inc."
"The Board of Regents of the University of Washington and ZymoGenetics, Inc."
"Allergan Sales, Inc."
"EIC Laboratories, Inc."
Nature Technology Corporation
Dexin Corporation
Martek Biosciences Corporation 
Centers for Disease Control and Prevention
University of Illinois
Hanwha L&C Corporation
Microbial Aquatic Treatment
"Micron Technology, Inc."
Advanced Corneal Systems
Asec Manufacturing General Partnership
"BioSafe Laboratories, Inc."
Merial
"Bingotech, Inc."
The University of Cincinnati
"Triton Systems, Inc."
"Biosite Diagnostics, Inc."
"Quark Biotech, Inc."
The Board of Trustees of Northwestern University
University of Idaho
Ithaca College
Huntsman Petrochemical Corporation
Roche Diagnostics GmbH
"Cytran, Inc."
"Molecular Innovations, Inc."
"Telcordia Technologies, Inc."
"Ferro Dynamics, Inc."
"Waste Management, Inc. "
"Applied Phytologics, Inc."
Wella Aktiengesellschaft
"Rentech, Inc."
"Board of Trustees of the University Of Kentucky, Administration Building University of Kentucky"
"AGIOS PHARMACEUTICALS, INC"
"ImmuLogic Pharmaceuticals, Inc."
Arizona Chemical Company
Cordant Technologies Inc.
SRI
Ecole Polytechnique Federale De Lausanne
"Bachem Biosciences, Inc."
North Shore-Long Island Jewish Research Institute
"Vion Pharmaceuticals, Inc."
Occidental Chemical Corporation
"Taiwan Semiconductor Manufacturing Company, Ltd."
ImClone Systems Incorporated
The Governors of the University of Alberta
"Betagene, Inc."
Cedars Sinai Medical Center
Spinal Cord Society
Texas Instruments Incorporated
"The Blood Center of Southeastern Wisconsin, Inc."
Regents of the University of Texas System
Continental Aktiengesellschaft
Sisters of Providence in Oregon
Mazda Motor Corporation
"Clinical Micro Sensors, Inc."
Sulzer Carbomedics Inc.
"Sanitrol Systems, Inc."
"Green Mountain Laboratories, Inc."
"Maxygen, Inc."
Gene Targeting Corp.
"TDA Research, Inc."
Paik-Inje Memorial Institute for Biomedical Science
Exemplar Corporation
"Infotec Development, Inc."
Wacker Silicones Corporation
"STS Biopolymers, Inc."
W.R. Grace & Co.-Conn.
"Ortho-McNeil Pharmaceutical, Inc."
"Keraplast Technologies, Ltd."
"Polyprobe, Inc."
The Whittier Institute for Diabetes and Endocrinology
"Jay-Mar, Inc."
"Rigel Pharmaceuticals, Inc."
"Neose Technologies, Inc."
"SDL, Inc."
"ARIAD Gene Therapeutics, Inc."
The Ensign-Bickford Company
"Nature's One, Inc."
Aventis Pharma S.A.
"IGEN International, Inc."
"SurModics, Inc."
"Bostik, Inc."
Coalition for Hemophilia B
"Chitogenics, Inc."
"Arch Specialty Chemicals, Inc."
Renal Tech International LLC
"ICET, Inc."
Brusilow Enterprise LLC
"Genesys Logic, Inc."
BTU International
City of Hope National Medical Center
University of Texas System Board of Regents
Amgen Boulder Inc.
"Agilent Technologies, Inc."
Marconi Data Systems Inc.
Echelon Corporation
"Elmer's Products, Inc."
The Rockfeller University
Materials and Electrochemical Research Corp.
Genpak Corporation
The Hong Kong University of Science and Technology
Shell Oil Corporation
Fuji Photo Film B.V.
"Geomatrix Consultants, Inc."
Aventis Pharma Deutschland GmbH
The Pennsylvania University
"Sanyo Electric Co., Ltd."
"Valent BioSciences, Inc."
"Hitco Carbon Composites, Inc."
"Urocor, Inc."
Dana-Faber Cancer Institute
Solvay (Societe Anonyme)
The University of Chicago
"Audible, Inc."
"Merck & Co., Ltd."
The Catholic University of Korea
"Seminis Vegetable Seeds, Inc."
SangStat Medical Corporation
The Nemours Foundation
Low Emissions Technologies Research and Development Partnership
The Regents of the Unversity of California
"NEC Electronics, Inc."
Warner-Lambert
"Medical Scientific, Inc."
Sotac Corporation
Arkwright Incorporated
Virogeneitics Corporation
Mosanto Company
"RWC, Inc."
UMBI - University of Maryland Biotechnology Institute
"LifeSpan BioSciences, Inc."
NPS Alleix Corp.
"Energyor Technologies, Inc"
Avecia Limited
The Webb-Waring Institute for Biomedical Research
"Disctronics Manufacturing, Inc."
Cambridge University Technical Services Limited
"Nyxis NeuroTherapies, Inc."
Ferro Corporation
"SciMed Life Systems, Inc."
Crompton Corporation
"Caldon, Inc."
"Affymetrix, Inc."
TEXAS HEART INSTITUTE
"JH Biotech, Inc."
SciClone Pharmaceuticals Inc. 
QUALCOMM Incorporated
Antioxidant Pharmaceuticals Corporation
"Global BioSciences, Inc."
"Bechtel BWXT Idaho, LLC"
"Mures Cardiovascular Research, Inc."
The Trustees of Columbia University
University of Melbourne
The Schepens Eye Research Institute
The Trustees of the University of Michigan
Synaptic Pharmaceutical Corporation
Firma Carl Freudenberg
"c/o Enzo Biochem, Inc."
We'll Corporation
Stine Biotechnology
"CardioNet, Inc."
"Eclipse Surgical Technologies, Inc."
The General Hospital Hospital Corporation
"Osiris Therapeutics, Inc."
Dynavax Technologies Corp.
"Gene Tools, LLC"
AstraZeneca AB
Exxon Mobil Chemical Patents Inc.
"Cambridge NeuroScience, Inc."
"CompleGen, Inc."
Enerize Corporation
ARCH Development Corporation & Board of Regents
"University of Massachusetts, Amherst Campus"
"Technology Management Systems, Inc."
University of Alberta
Savvipharm Inc
Rensselaer Polytechnic Institute (RPI)
"TriCardia, LLC"
Miller Chemical & Fertilizer Corporation
Syngenta Participations AG
Board of Regents/The University of Texas System
Kerr-McGee Chemical LLC
Brown University Research Foundation
McGhan Medical Corporation
"Vysis, Inc."
"Genopsys, Inc."
"Nugen Technologies, Inc."
YES Technologies
"Burleigh Instruments, Inc."
International Paper Company
Board of Regents of the OU
Sara Lee Corporation
Creo Il Ltd.
"Novozymes Biotech, Inc."
Virginia Polytechnic Institute and State University
BTG International Limited
"Creative Extruded Products, Inc."
"Xytrans, Inc."
"Pro-Neuron, Inc."
Texas Tech University
"Hansen Medical, Inc."
Genaera Corporation
"The Henry M. Jackson Foundation for the Advancement of Military Medicine, Inc."
Bio-Pixels Ltd.
Neurotech S.A.
Aventis Pharmaceuticals Inc.
Energy International Corporation
"Replication Medical, Inc."
Lynntech Inc.
ProChon Biotech Ltd.
Washington State University
"Biomanagement Services, Inc."
Dupont Pharmaceuticals Company
"Frazier, Barnes Research LLC"
Lion Laboratories Plc 
Rush Presbyterian-St Luke's Medical Center
GPC-Biotech Inc.
Kureha Kagaku Kogyo K.K.
Ameron International Corporation
Kao Corporation
"Allied Directives, LLC"
"GPC Biotech, Inc."
"Medisense, Inc."
UNIVERSITY OF NORTH TEXAS
"Cogent Neuroscience, Inc."
"JGS Research Company, Inc."
"Gene Therapy Systems, Inc."
"Versicor, Inc."
SmithKline Beecham p.l.c.
Large Scale Biology Corporation
Society for Techno-Innovation of Agriculture Forestry and Fisheries
Superior Graphite Co.
"Incyte Genomics, Inc."
Biotech Australia Pty Limited
Lucent Technologies Inc.
Amersham Pharmacia Biotech AB
3-Dimensional Pharmaceuticals Inc.
"Chemence, Inc."
Corning S.A.
"Dayco Products, Inc."
Linear Technology Inc.
"Thermagon, Inc."
Milliken & Company
"Advanced SynTech, LLC"
"Apollo Coating Technologies, Inc."
"Enzyme Bio-Systems, Ltd."
Guilford Pharmaceuticals Inc.
"Adherex Technologies, Inc."
"Ethichon, Inc."
"Aventis Pasteur, S.A."
Boston Medical Center Corporation
"Amkor Technology, Inc."
CK Witco Corporation
TissueGene Co.
"Mountain View Pharmaceuticals, Inc."
Novozymes A/S
Noble Foundation Inc.
"OSi Specialties, Inc."
"Syngenta Investments, Inc."
QinetiQ Limited
F. Hoffmann-La Roche AG
"Metabolix, Inc."
"Data Sciences International, Inc."
Massachusetts Eye and Ear Infirmary 
PanVera Corporated
"Cambria Biosciences, LLC"
ASEC Manufacturing
Northwest Hospital
Pfizer
BASF Plant Science GmbH
"INTEGRIS Baptist Medical Center, Inc. "
"Paradigm Genetics, Inc."
"Enzon, Inc."
Deutsches Krebsforschungszentrum Stiftung Des Offenlichen Rechts
University of California at Los Angeles 
"Biosphere Medical, Inc."
"Sunesis Pharmaceuticals, Inc."
Metabolic Pharmaceuticals Limited
Alcatel
B. Braun Melsungen AG
"Research & Development Institute, Inc."
"Iridium, L.L.C."
"Mizi Research, Inc."
HSF Pharmaceuticals S.A.
University of Kentucky Research University
The State University of Rutgers
NanoEnergy Corporation
"Geovation Consultants, Inc."
Valenite Inc.
"OMG Americas, Inc."
"Edema Clearance, Inc."
Hyseq Inc
University of Massachussetts Lowell
"Bradford Industries, Inc."
Childrens Hospital Los Angeles
"YuHan Corporation Co., Ltd."
Board of Trustees of Michigan State University
The George Washington University
"Advanced Medicine, Inc."
Trustee of Boston University
"ArQule, Inc."
"Idun Pharmaceuticals, Inc."
"Athersys, Inc."
"Meadox Medicals, Inc."
"Genetix Pharmaceuticals, Inc."
"Philadelphia, Health and Education Corporation"
United Microelectronics Corp.
"AVI BioPharma, Inc."
Anda SR Pharmaceuticals Inc.
Acuson Corporation
Reliv' International Inc.
Sperry Corporation
EMITEC Gesellschaft fuer Emissionstechnologie GmbH
Arkion Life Sciences LLC
"COR Therapeutics, Inc."
"Prosoft International, Inc."
Medical University of South Carolina
"Abaron Biosciences, Inc."
Universite Catholique de Louvain
"Burstein Technologies, Inc."
"Nanogen, Inc."
Discoverx
BEBOTech Corporation
EFA Sciences LLC
"Vitacost.com, Inc."
"Rutgers, The University of New Jersey"
"Cycolor, Inc."
"Reprogen, Inc."
"Nippon Shokubai Co., Ltd."
"American Foundation for Biological Research, Inc."
"Kosan Biosciences, Inc."
"Artecel Science, Inc."
"Visteon Global Technologies, Inc."
LG Electronics Inc.
"Tranzmembrane, LLC"
Monsanto Technology LLC
"ChemCycles, Inc."
"Medical College of Georgia Research Institute, Inc."
The George Washington University Medical Center
"Restoragen, Inc."
Trinitech Systems Inc.
"ValiGen (US), Inc."
GenStar Therapeutics Corporation
Genetastix Corporation
Plant Research International B.V.
"Amax, Inc."
"DendriMolecular, Inc."
Korea Research Institute of Bioscience and Biotechnology
Corixa Corporation
"Bio Science Consultants, L.L.C."
Inventec Corporation
"Salus Therapeutics, Inc."
"Genetic Immunity, LLC"
Regenesis Bioremediation Products
"AviGenics, Inc."
"Geovation Technologies, Inc."
"Subsidiary No. 3, Inc."
Ennix Incorporated
Yeda Research and Development Co. Ltd. at the Weizmann Institute of Science
Celsion Corporation
"Bioscience Consultants, LLC"
LimnTech LLC
"Tanox, Inc."
Lexicon Genetics Incorporated
Mostek Corporation
Bausch & Lomb Incorporated
"Cytomatrix, LLC"
"Sharp Laboratories of America, Inc."
"Disc Dynamics, Inc."
"Diacrin, Inc."
"Biomat Sciences, Inc."
University and Community College System of Nevada
Schering-Plough Veterinary Corporation
"Interneuron Pharmaceuticals, Inc."
"Photogen, Inc. "
Biovitrum AB
Kraton Polymers U.S. LLC
Virginia Mason Research Center
Noveon IP Holdings Corp.
"Cohesion Technologies, Inc."
"Ishikawajima-Harima Heavy Industries Co., Ltd."
"PharmaStem Therapeutics, Inc."
Kaneka Corporation
University of Wyoming
"Darwin Discovery, Ltd."
"Institute of Paper Science and Technology, Inc. "
"Genemed Biotechnologies, Inc."
Wyeth
Asahi Kasei Kabushiki Kaisha
Resolution Performance Products LLC
Sud-Chemie Inc.
Chroma Graphics
"Florida State University Research Foundation, Inc"
"Pharmacopeia, Inc."
"AGY Therapeutics, Inc."
"Gore Enterprise Holdings, Inc."
Flexcell International Corporation
Loma Linda University Medical Center
"Samsung Electro-Mechanics Co., Ltd."
L'Oreal S.A.
Virginia Commonwealth University
Videojet Technologies Inc.
"BMC Vision-Ease Lens, Inc."
Curtin University of Technology
Board of Trustees for the University of Illnois
"J.T. Granatelli Lubricants, Inc."
University of North Dakota Medical Education Research Foundation 
"NEC Research Institute, Inc."
"Exelixis, Inc."
Troy Chemical Corporation
Bristol - Myers Squibb Pharma Company
CircaGen Pharmaceutical
"White Cap, Inc."
"Signal/Sense, Inc."
Mergen Ltd.
"Microbia, Inc."
Wake Forest University School of Medicine
"Safescience, Inc."
Ancile Pharmaceuticals
"Unilever Home & Personal Care USA, division of Conopco, Inc."
Bristol Myers Squibb Pharma Company
Carnegie Institute of Washington
"Tapwave, Inc."
New Mexico State University Technology Transfer Corporation
"Remediation Technoliges, Inc."
Basell Polyolefine GmbH
"GreenDot Technologies, LLC"
"Access Pharmaceuticals, Inc. "
Rainbow Therapeutic Company
"Indevus Pharmaceuticals, Inc."
Pangene Corporation
Clemson University
"Verde Enviromental, Inc."
SL Parkhurst Corporation
"Med Immune Vaccines, Inc."
"Lexmark International, Inc."
Genzyme Transgenics Corporation
ExxonMobil Research and Engineering Company
"Sangamo BioSciences, Inc."
NOXXON Pharma AG
"Twin Bay Medical, Inc."
"MicroVention, Inc."
"IDEXX Laboratories, Inc."
Iowa State University
"Indiana University, Advanced Research and Technology Institute"
"Selective Genetics, Inc."
Infectious Diseases Foundation
"DexGen Pharmaceuticals, Inc."
Cedars-Sinai Medical Center
Renaissance Technology LLC
Purdue University Research Foundation
"Henceforth Hibernia, Inc."
University of Tennesse
"Microtork, Inc."
"GenPhar, Inc"
"SyntheGen Systems, Inc."
"Board of Trustees, Rutgers, The State University of New Jersey"
ExxonMobil Chemical Patents Inc.
Avalon Pharmaceuticals
BP Corporation North America Inc.
"Neurosciences Research Foundation, Inc."
"Protection, Inc."
"Metatomix, Inc."
Roche Diagnostics Corporation
Loyola University of Chicago
South Alabama Medical Science Foundation
Chevron Oronitz Company LLC
Dow Global Technologies Inc.
Billcon Corporation
E.I. duPont de Nemours and Company
"BioStratum, Inc."
"FTS, LLC"
"Varn Products Company, Inc."
Response Genetics
"Spalding Sports Worldwide, Inc."
Mt. Sinai School of Medicine of New York University
"Acorn Cardiovascular, Inc."
Bayer Cropscience AG
"Morphochem, Inc."
"Dharmacon, Inc."
Peking University
Henkel Loctite Corporation
"ADMA Products, Inc."
ARCHER-DANIELS MIDLAND COMPANY
Sanofi-Synthelabo
Korea Advanced Institute of Science and Technology
"Tropix, Inc."
DaimlerChrysler AG
ConocoPhillips Company
Intel Corporation
"Bolder Biotechnology, Inc."
Shearwater Corporation
Danmarks Tekniske Universitet
"Aclara Biosciences, Inc."
Caliper Technologies Corp.
Pharmacia Corporation
"Delphi Technologies, Inc."
"Sima Therapeutics, Inc."
Pioneer Bred International Inc
NICHIA CORPORATION
"Adtile Technologies, Inc."
"Medinox, Inc."
"NewMillennium Pharmaceutical, Inc."
Astra Tech AB
Bodenseewerk Geratetechnik GmbH
ENI S.p.A.
"Texas Systems, University of the Board of the Regents"
Research Foundation 
"BioDiscovery, Inc."
"Ribonomics, Inc."
"ClonexDevelopment, Inc."
"Phoenix Pharamacologics, Inc."
"Rubicon Laboratory, Inc."
LSI Logic Corporation
Doosan Corporation
"Natural Genes, Inc."
National Science Foundation
Galderma Research & Development
"Exelixis Plant Sciences, Inc."
Embro Corporation
Mount Sinai of Medicine of New York University
"Iconix Pharmaceuticals, Inc."
"Deltagen, Inc."
"Ethicon Endo-Surgery, Inc."
Albemarle Corporation
"DCG SYSTEMS, INC."
"American Dye Source, Inc."
Wyeth Holdings Corporation
"Blue Heron Biotechnology, Inc."
"Protigen, Inc."
Cook Biotech Incorporated
Arteva North America S.A.R.L. 
Advanced Research and Technology Institute
Simplus Systems Corporation
Pioneer Hi Bred International Inc
Biocoat Incorporated
"Novocure, Inc."
"Nucleus Remodeling, Inc."
"WiSys Technology Foundation, Inc."
"Inhibitex, Inc."
GSF Forschungszentrum fur Unwelt und Gesundheit GmbH
"Paratek Pharmaceuticals, Inc."
"Advanced Cardiovascular Systems, Inc."
"Seal-OPS, LLC"
"Sierra Sciences, LLC"
Introgen Therapeutics
ExxonMobil Oil Corporation
"Illinois Tool Works, Inc."
"Source Precision Medicine, Inc."
"The Minister of Agriculture, Fisheries and Food in Her Britannic Majesty's Government of the United Kingdom of Great Britian and Northern Ireland"
"KCI Licensing, Inc."
"TEI Biosciences, Inc."
University of Tennessee Research Foundation
"Midway Amusement Games, LLC"
Martinex R&D Inc.
Caterpillar Inc.
"Delta Air Lines, Inc."
Lucigen Corp.
Genecure LLP
Quick Med Technologies Inc.
Patent Holding Company
Maine Medical Center Research Institute
University of New Hampshire
Compeye Corporation
Leuven Research and Development
Bristol-Myers Squibb Pharma
Princeton University
Syngenta Investment Corporation
Jeol Ltd.
AquaFiber Technologies Corp.
National Can Corporation
"AMDL, Inc."
"SDGI Holding, Inc."
"Texas Research International, Inc."
"Apicomplexan Therapeutics, LLC"
"Global Gene Therapies, Inc."
Cyprus Amax Minerals Company
North Shore University Hospital Research Corporation
"Functional Foods, Inc."
Cobra Biologics Ltd.
Genesis Group Inc.
"Lacks Enterprises, Inc."
William Marsh Rice University
"Owens Corning Fiberglas Technology, Inc. "
"Nuvelo, Inc."
"Nanomimetics, Inc."
Board of Supervisors of La. State Un. & Agricultural and Mechanical College
"Phylonix Pharmaceuticals, Inc."
Honeywell International Inc.
"Hewlett-Packard Development Company, L.P."
"Scientific Design Co., Ltd."
SAS Institute Inc.
Zygo Corporation
"MedImmune Vaccines, Inc."
"Enzon Pharmaceuticals, Inc."
Industrial Ceramic Solutions
"Berkeley Advanced Biomaterials, Inc."
"Samsung SDI Co., Ltd."
Genome Therapeutics Corp.
"Immusol, Inc."
Rhode Island Hospital
"Centocor, Inc."
"OXiGENE, Inc."
Phage Biotechnology Corporation
"Transoma Medical, Inc."
"Cytokine Pharmasciences, Inc."
"Sterrenbeld Biotechnologie North America, Inc."
"Hydrocarbon Technologies, Inc."
"Setagon, Inc."
Genway Biotech Inc.
"Cellomics, Inc."
"Trustee of Tufts College, Ballou Hall"
Ventria Bioscience
"Alphavax, Inc."
Takara Bio Inc.
"Remediation Products, Inc."
William Beaumont Hospital
Infineon Technologies AG
Alton Ochsner Medical Foundation
Schlumberger Technology Corporation
Chevron U.S.A. Inc.
"Genomas, Inc."
"Myocardial Therapeutics, Inc."
Vicuron Pharmaceuticals Inc.
"Neptune Technologies, Inc."
"A.T.X. International, Inc."
"BriteSmile, Inc."
"HK Pharmaceuticals, Inc."
Xoma Technology Ltd.
Stratagene California
"Atofina Chemicals, Inc."
"Icoria, Inc."
Central Michigan University Board of Trustees
"Advanced Cell Technology, Inc."
"Vaxim, Inc."
Children's Hospital Research Foundation
EMC Corporation
National Health Research Institutes
BioVex Limited
Institut fur Virologie Teilrechtsfahiges
"Cellicon Technologies, Inc."
"SanBio, Inc."
"3F Therapeutics, Inc."
"Mendel Biotechnology, Inc."
Varis Corporation
"Equistar Chemicals, LP"
SAN DIEGO STATE UNIVERSITY RESEARCH FOUNDATION
EMD Lexigen Research Center Corp.
"Pioneer Hi-Bred, Inc."
"Protatek International, Inc."
"Unified Environmental Services Group, LLC"
"Cerno Biosciences, LLC"
Cyrix Corporation
"HFA, Inc."
"diaDexus, Inc."
"Phylos, Inc."
"The Monticello Group, LTD"
"University of Maryland, College Park Office of Technology Commercialization"
INVISTA North America S.a.r.l.
"Linden Technologies, Inc."
Le Centre National de la Recherche Scientifique
L'Institut National de la Recherche Agronomique
Regents of the University of Minnesota Emory University
The C. P. Hall Company
Melis Energy
Michigan Technological University
"Genexpress Informatics, Inc."
Gas Technology Institute
"Expressive Constructs, Inc."
CTB Inc.
"Vision--Ease Lens, Inc."
"GeneTrol Biotherapeutics, Inc."
University of Central Florida
"Megan Health, Inc."
Mirus Bio Corporation
"Georgia State University Research Foundation, Inc."
Xenogen Corporation
"Honda Motor Co., Ltd."
Greenville Hospital System
BASF
Guthrie Foundation for Education and Research
The United States of America as represented by the Deparment of Health and Human Services
"Curis, Inc."
"BioCache Pharmaceuticals, Inc."
Tsinghua University
Alfred E. Mann Institute for Biomedical Engineering at the University of Southern California
Migenix Corp.
The Sherwin-Williams Company
Istituto di Ricerche di Biologia Molecolare P. Angeletti SpA
"CereMedix, Inc."
"Lexicon Pharmaceuticals, Inc."
"Nektar Therapeutics UK, Ltd."
E. Vasiliou Revocable Trust
"Immunomedics, Inc."
Cytochroma Inc.
"Roche Diagnostics Operations, Inc."
"Tissue Regeneration, Inc."
"Divergence, Inc."
"Trostel, Ltd."
"Supergen, Inc. "
Novelis Inc.
"Agency for Science, Technology and Research"
Lockhead Martin Corporation
ES Cell International PTE LTD.
AWI Licensing Company
"Taiyo Ink Mfg. Co., Ltd."
"Kraft Foods, Inc."
"Kinetic Biosystems, Inc."
NanoProducts Corporation
"Med Institute, Inc."
Cook Incorporated
Morphotek
The Trustees of Boston College
Sanofi Pasteur Limited
CBR Institute for Biomedical Research
PreGentis
BASF AG
ConocoPhillips Company - I. P. Legal
"MedicineLodge, Inc."
Arizona Board of Regents acting on behalf of Arizona State University
"Fina Technology, Inc."
The Lemna Corporation
"ISTA Pharmaceuticals, Inc."
ID Biomedical Corporation of Washington
Tate & Lyle Public Limited Company
"The Chamberlain Group, Inc."
Amersham Biosciences Corp
Biotechnology Institute Medical University of South Carolina
Childrens Hospital Los Angeles Research Institute
"The Regents of the University of Colorado, a body corporate"
"Emerald BioStructures, Inc."
Hynix Semiconductor Inc.
"Incell Corporation, LLC"
"University of Louisville Research Foundation, Inc."
Active Motif
MeadWestvaco Corporation
Applied Genetic Technologies Corporation
Integra LifeSciences Corporation
University of Nebraska at Lincoln
SurfaTech Corporation
"Virtual Arrays, Inc."
"Transnexus, Inc."
Nipro Corporation
"Cree, Inc."
"Inspire Pharmaceuticals, Inc."
"Morphogenesis, Inc."
"Enzo Life Sciences, Inc."
"Prometheus Laboratories, Inc."
"Battelle Energy Alliance, LLC"
Telefonaktiebolaget LM Ericsson
Northrop Grumman Corporation
Nitrosci
Valeant Research & Development
"Board of Regent, The University of Texas System"
Baylor
"Arden Systems, Inc."
Providence Health Systems-Oregon
"Asklêpios Biopharmaceutical, Inc."
"FormFactor, Inc."
"Panasas, Inc."
"DePuy AcroMed, Inc."
Univ. of Medicine & Dentistry of N.J.
Luna Innovations Incorporated
Novozymes Inc.
Baxter Healthcare SA
Huntsman International LLC
"Glycofi, Inc."
"Nissan Motor Co., Ltd."
Sigma-Aldrich Co. LLC
"Teva Pharmaceutical Industries, Ltd."
CancEr2 Inc.
Materials Evolution and Development
Southwest Research Institute
"Rockwell Collins, Inc."
Tate & Lyle Ingredients France SAS
The Board of Trusttees of the Leland Stanford Junior University
Genics Inc.
"JRW Bioremediation, LLC"
"Prolume, Ltd."
"GTC Biotherapeutics, Inc."
"Poly-Med, Inc."
Kingpak Technology Inc.
Bayer HealthCare LLC
"Eikos, Inc."
OLYMPUS CORPORATION
"University College Cardiff Consultants, Ltd."
Celanese International Corporation
Pioneer Corporation
"Rutgers,The State University"
The Forsyth Institute
"Performance Fibers, Inc."
Tulane University
Bayer Materialscience LLC
"Errant Gene Therapeutics, LLC"
"Hon Hai Precision Industry Co., Ltd."
"Promogen, Inc."
"M. S. Technologies, LLC"
Los Angeles Biomedical Research Institute at Harbor-UCLA Medical Center
Broadwing Corporation
"CLEVEREX SYSTEMS, INC."
"Thrombolytic Science, Inc."
"Bausch and Lomb, Inc."
Rush University Medical Center
"Hematech, LLC"
Advanced Bionics Corporation
"Emergency 24, Inc."
Dyno Nobel Inc.
AZ Electronic Materials USA Corp.
NEWLINK GENETICS CORPORATION
Montana State University
Renessen LLC
Health Protection Agency
"Genomic Health, Inc."
"Wiley Organics, Inc."
"Lyondell Chemical Technology, L.P."
BellSouth Intellectual Property Corporation
"Athena Biotechnologies, Inc."
"UT-Battelle, LLC"
sanofi-aventis
"RheoGene, Inc."
East China University of Science and Technology
"Shire Human Genetic Therapies, Inc."
"Dielectric Systems, Inc."
"Solvay Pharmaceuticals, Inc."
"New Century Pharmaceuticals, Inc."
Novarx
"Australian Importers, Ltd."
BRIGHAM YOUNG UNIVERSITY
Vista Biologicals Corporation
"Caliper Life Sciences, Inc."
Wellstat Therapeutics Corporation
CE Healthcare Bio-Sciences Corp.
"MacroGenics, Inc."
Ammonia Casale S.A.
"Capital Genomix, Inc."
Mintera Corporation
Hilti Aktiengesellschaft
"Skinmedica, Inc."
"Applied Genomics, Inc."
University of South Florida Board of Trustees
Fluidigm Corporation
Biogen Idec MA Inc.
"Claragen, Inc."
CPH Innovations Corp.
"Los Alamos National Security, LLC"
MEDICAGO INC.
ZIH Corp.
"ITT Manufacturing Enterprises, Inc."
"Angiotech Pharmaceuticals (US), Inc."
"Xintek, Inc."
Ingenious Targeting Inc.
"Boston Scientific Scimed, Inc."
Harbor Branch Oceanographic Institute Inc.
SunPower Corporation
Rhein Chemie Corporation 
"Schenectady International, Inc."
"World Properties, Inc."
EPICENTRE TECHNOLOGIES CORPORATION
"North Wind, Inc."
NatureWorks LLC
Korea University Industry and Academy Corporation Foundation
InSite Vision Incorporated
Connaught Technology Corporation
"Synovis Life Technologies, Inc."
"Westinghouse Savannah River Company, L.L.C."
University of Alabama Research Foundation
"Halliburton Energy Services, Inc."
Electrochemicals Inc.
Certain-teed Corporation
MERCK SHARP & DOHME CORP.
Sherwood Services AG
"C.T.M. Company, Inc."
Medical College of Georgia
"Skin Medica, Inc."
EyeGate Pharma S.A.S.
"Cytograft Tissue Engineering, Inc."
Applied Biotechnology Institute
Malaysian Palm Oil Board (MPOB)
"Reynolds Technologies, Inc."
"Sybase 365, Inc."
Nvidia Corporation
University of Minnesota
"Applied Molecular Evolution, Inc."
BENQ Corporation
"Accentus, LLC"
National Semiconductor Corporation
The University of Western Ontario
"Kimberly - Clark Worldwide, Inc."
Shimadzu Corporation
"The Government of the United States of America as represented by The Secretary of The Department of Health and Human Services, The National Institutes of Health"
Merial Limited
"UChicago Argonne, LLC"
Research Institute for Genetic and Human Therapy (R.I.G.H.T.)
"Aderans Research Institute, Inc."
"Detroit R & D, Inc."
1175634 Ontario Limited
Oracle International Corporation
Oscient Pharmaceuticals Corporation
"SCM Metal Products, Inc."
Sanofi-Aventis Deutschland GmbH
"HRL Laboratories, LLC"
"MIPS Technologies, Inc."
"Gateway, Inc."
Rutgers University Foundation
AkPharma Inc.
"Arborgen, LLC"
"Nektar Therapeutics AL, Corporation"
Lovelace Respiratory Research Institute
Applera Corporation
"Senesco Technologies, Inc."
"Panagenic International, Inc."
"PDL Biopharma, Inc."
Microsoft Corporation
M-I LLC
Ball Horticultural
"SiPix Imaging, Inc."
"CryoLife, Inc."
"Pentron Clinical Technologies, LLC"
NATIONAL INSTITUTE FOR MATERIALS SCIENCE
Roslin Institute
Missouri Board of Curators
Rosalind Franklin University of Medicine and Science
"Unversity of Louisville Research Foundation, Inc."
Tronox LLC
"ADVIS, Inc."
"Spine-Tech, Inc."
BBN Technologies Corp.
Verizon Corporate Services Group Inc.
"LEVEL 3 COMMUNICATIONS, LLC"
Yokogawa Electric Corporation
Takeda Pharmaceutical Company Limited
"Dainippon Sumitomo Pharma Co., Ltd."
Electronics and Telecommunications Research Institute
Ionic Fusion Corporation
Johns Manville
"Vistas Group International, Inc."
Novartis Vaccines and Diagnostics SRL
U. S. Environmental Protection Agency
"Aurox, LLC"
Cyclics Corporation
Stepan Company
Thallion Pharmaceuticals Inc.
Pfizer Products Inc.
PTS Corporation
King Technology
"Lubrizol Advanced Materials, Inc."
Grain Processing Corporation
"Aurora Discovery, Incorporated"
"Osteotech, Inc."
"Industrial Microwave Systems, L.L.C."
Research Foundation of the University of Central Florida
"CSP Technologies, Inc."
Wake Forest University Health Sciences
Bristol Myers Squibb
Korea University Industry & Academy Cooporation Foundation
"Fairmount Minerals, Inc."
"University of Central Florida Research Foundation, Inc."
Donald Danforth Plant Science Center
"Coley Pharmaceutical Group, Inc."
Schering-Plough Animal Health Corporation
"Apath, LLC"
"MS Biotech, Inc."
"Camp Dresser & McKee, Inc."
PolyPlus Battery Company
"ECI Biotech, Inc."
Creighton University
"Her Majesty the Queen in right of Canada, as represented by the Minister of Natural Resources Canada, Canadian Forest Service"
Stowers Institute for Medical Research
Washington Savannah River
"PTC Therapeutics, Inc."
"University of Massachusetts, A Public Institution of Higher Education of the Commonwealth of Massachusetts, as Represented by its Amherst Campus"
Wyeth Research Ireland Limited
"Allele Biotechnology & Pharmaceuticals, Inc."
GHC Research Development Corporation
Omron Corporation
Arkema Inc.
The J. David Gladstone Institutes
Agrecore United
"ioGenetics, LLC"
Synthes (U.S.A.)
Odyssey Thera Inc.
GE Healthcare Bio-Sciences AB
Koninklijke Philips Electronics N.V.
"Beckman Coulter, Inc."
"Bull, S.A."
"Medical Nutrition USA, Inc."
"Kraft Foods Holdings, Inc."
"Graceway Pharmaceuticals, LLC"
Symantec Corporation
"TSI Health Sciences, Inc."
W.A. Cleary Corporation
Lilly Icos LLC
AT&T Corp.
Invitrogen Corp.
"Mirari Biosciences, Inc."
Merck Patent GmbH
The NutraSweet Company
"DERINGER-NEY, INC."
Young Enterprises LLC
"VMware, Inc."
Vernalis (R&D) Ltd.
"ILLUMINA, INC."
WMS Gaming Inc.
Molecular Devices Corporation
"Primera BioSystems, Inc."
"Compass Genetics, LLC"
Mugen Corporation
Chipmos Technologies Inc.
"Complete Genomics, Inc."
"Expression Genetics, Inc."
SAP AG
Roche Molecular Systems
Süd-Chemie Inc.
"Lessard Environmental, Inc."
"Clonex Development, Inc."
Societe de Conseils de Recherches et d'Applications Scientifiques SCRAS
Brunswick Corporation
"Covario, Inc."
"Bristol-Myers Squibb Pharma, Inc."
"DNA Polymerase Technology, Inc."
Chicago Community Foundation
"Cargill, Inc."
Callaway Golf Company
"Diamicron, Inc."
LANXESS Deutschland GmbH
"Softlayer Technologies, Inc."
Toyota Jidosha Kabushiki Kaisha
San Diego Antibody
"Lotes Co., Ltd."
"Network Appliance, Inc."
"Phycotransgenics, LLC"
Henkel AG & Co. KGaA
BASF SE
"Applied Photonics Research, Inc."
Tyco Electronics Corporation
"Ocimum Biosolutions, Inc."
Children's Hospital of Orange County
ABT Holding Company
Cytognomix Inc.
Servicios Condumex S.A. de C.V.
Symantec Operating Corporation
"Novocell, Inc."
Darpa
"BioZyme, Inc."
Legacy Good Samaritan Hospital And Medical Center
"Echo Therapeutics, Inc."
"Biocept, Inc."
Burnham Institute for Medical Research
"Vitabio, Inc."
East Carolina University
Health Discovery Corporation
"Medimmune, LLC"
Spansion LLC
Siemens Healthcare Diagnostics Inc.
"Achaogen, Inc."
Abbott Cardiovascular Systems Inc.
"Osel, Inc."
The Children's Memorial Hospital
"Tokyo Ohka Kogyo Co., Ltd."
"American Environmental Systems, Inc."
"Cytec Surface Specialties, S.A."
"Quanta Biosciences, Inc."
"Johnson & Johnson Vision Care, Inc."
"RiboMed Biotechnologies, Inc."
CCL Industries Inc.
DiscoveRx Corporation
"Genetag Technology, Inc."
Sam Houston State University
Athenix Corporation
Intracel Resources LLC
"BioChain Institute, Inc."
"Fraunhofer, USA, Inc."
Mirus Bio LLC
"Arrowhead Center, Inc."
SABIC Innovative Plastics IP B.V.
Molecular Kinetics Incorporated
"Tissue Tech, Inc."
"Warsaw Orthopedic, Inc."
"Lipomics Technologies, Inc."
"Welgene, Inc."
"ProNAi Therapeutics, Inc."
Amgen Fremont Inc.
Novici Biotech LLC
Millipore Corporation
FUJIFILM Corporation
"Arkray, Inc."
"Sequenom, Inc."
"United Biomedical, Inc. "
"Oscotec, Inc."
KFM Technology
Quest Diagnostics Investments Incorporated
Fifth Base LLC
"AT&T Delaware Intellectual Property, Inc."
"Sicel Technologies, Inc."
Asklepios Biopharmaceutical Inc.
Industry-Academic Cooperation Foundation
"Ethicon, Incorporated"
PhotoBioMed Corporation
Dyax Corp.
Washington University in St. Louis
"Speed Control, Inc."
NATIONAL TSING HUA UNIVERSITY
"ARR-MAZ Custom Chemicals, Inc."
"Senorx, Inc."
Nortel Networks Limited
The University Board of Regents of Texas System
"Tissue Engineering Consultants, Inc."
Synageva Biopharma Corp.
"Ischemix, Inc."
"HybriGene, Inc."
"Gene Express, Inc."
Medical University of Toledo
"Nucleonics, Inc."
Life Technologies Corporation
"AUSPEX PHARMACEUTICALS, INC."
The Board of Regents for Oklahoma State University
"Aerogen, Inc."
Ingram Corporation
Dell Products L.P.
"Think Village-Kerfoot, LLC"
"Gentis, Inc."
"H.B. Licensing & Financing, Inc."
Bayer Schering Pharma AG
M & G USA Corporation
"Headwaters Technology Innovation, LLC"
"Novartis Vaccines and Diagnostics, Inc."
"AROG PHARMACEUTICALS, INC."
La Jolla Bioengineering Institute
Roche Madison Inc.
Datascope Investment Corp.
"Codexis, Inc."
"CapGen Sciences, Inc."
Advanced Bionutrition
Lockheed Martin Corporation
"Danisco US Inc., Genencor Division"
"Corthera, Inc."
"Prodigeue, Inc."
ChemImage Corporation
"SPINE WAVE, INC."
The University of Toledo
EI
"Arcadia Biosciences, Inc."
"MKP Structural Design Associates, Inc."
Rush-Presbyterian St. Luke's Medical Center
"Nereus Pharmaceuticals, Inc."
"Affinergy, Inc."
"Advanced Bionics, LLC"
GE Healthcare Limited
"Toyota Motor Engineering & Manufacturing North America, Inc."
"Alnylam Pharmaceuticals, Inc."
Oregon Health & Science University
Paper-Pak Industries
"Lawrence Livermore National Security, LLC"
GeneNews Corporation
Genelux Corporation
"Entelos, Inc."
John Wayne Cancer Institute
"EAGLE PHARMACEUTICALS, INC."
"The Board of Trustees of the University of Illinois, a body corporate and politic of the State of Illinois"
University Court of the University of St. Andrews
The University of Texas Board of Regents of the University of Texas System
Hyundai Motor Company
Material Methods LLC
"Novita Pharmaceuticals, Inc."
"Veyance Technologies, Inc."
454 Life Sciences Corporation
"AT&T Intellectual Property I, L.P."
Aeras Global TB Vaccine Foundation
Baylor Research Institute
CARBO Ceramics Inc.
"H. Lee Moffitt Cancer Center and Research Institute, Inc."
Virginia Commonwealth University Intellectual Property Foundation
"Celltech R & D, Inc."
Sun Chemical Corporation
"Ardian, Inc."
"Receptomon, LLC"
New Chapter Inc.
Wesleyan University
Nestier Corporation
"Agensys, Inc."
"Integrated DNA Technologies, Inc."
"Xcellerex, Inc."
Chemtura Corporation
"Cardiac Pacemakers, Inc."
"BioSante Pharmaceuticals, Inc."
"Celavie Biosciences, LLC"
Vortex Systems (International) CI
Rice University
Specialty Hardware L.P.
The Administration of the Tulane Educational Fund
"Morpho, Inc."
Baker Hughes Incorporated
"Anaphore, Inc."
University De Geneva
"H.J.J., Inc."
"NetBio, Inc."
"8×8, Inc."
PHA Environmental Restoration
Alfred E. Mann Foundation for Scientific Research
"Nexeon Medsystems, Inc."
Momentive Performance Materials Inc.
Covidien AG
Huntsman Advanced Materials Americas Inc.
Applied Genetics Incorporated Dermatics
Danisco US Inc.
"PGx Health, LLC"
Pseudonym Corporation
The Board of Trustee of the University of Arkansas System
"Amyris Biotechnologies, Inc."
University of Notre Dame Du Lac
The University of Virginia 
Sloan Kettering Institute for Cancer Research
UCB Pharma S.A.
Siemens Corporation
"Alliance One International, Inc."
"ProCarrier, Inc."
St. Joseph's Children's Hospital
Wyeth LLC
Glycozym USA Inc.
"Primeradx, Inc."
"Kitakyushu Foundation for the Advancement of Industry, Science and Technology"
"Ventana Medical Systems, Inc."
"iBio, Inc. and Fraunhofer USA, Inc."
"MULTI-FINELINE ELECTRONIX, INC."
"ADE, Inc."
"iBio, Inc."
Aduro BioTech
"NSABP Foundation, Inc."
"Immune Disease Institute, Inc."
"Attagene, Inc."
Boehringer Ingelheim Vetmedica GmbH
Southern Illinois University
"MDRNA, Inc."
The United States of America as repesented by the Secretary of Commerce
Dot Hill Systems Corporation
"Pacific Renewable Fuels, Inc."
MDS Analytical Technologies
Intrinsic Lifesciences
"Transderm, Inc."
Progenetics LLC
"Vector Tobacco, Inc."
"Benitec, Inc."
"Novell, Inc. "
"Tumor Biology Investment Group, Inc."
"Dongbu Hitek Co., Ltd."
Facet Biotech Corporation
Kemira OY
"SAVANNAH RIVER NUCLEAR SOLUTIONS, LLC"
"Hybrid Plastics, Inc."
"Midwest Oilseeds, Inc."
"Biomet Sports Medicine, LLC"
University of Denver
"Alliance for Sustainable Energy, LLC"
Mary Kay Inc.
"Roche Nimblegen, Inc."
"Functional Genetics, Inc."
"GBP IP, LLC"
Nan Ya Plastics Corporation
Center for DNA Fingerprinting & Diagnostics
"Quark Pharmaceuticals, Inc."
Tanaka Kikinzoku Kogyo K.K.
ALSTOM Technology Ltd
INDIANA UNIVERSITY RESEARCH & TECHNOLOGY CORPORATION
"Accord Biomaterials, Inc."
"DePuy Spine, Inc."
INOVA Health System
AdvanSource Biomaterials Corporation
Westbred LLC
"Courtagen Life Sciences, Inc."
"RD & L Unique Products, LLC"
KECK GRADUATE INSTITUTE
Contamination Control Services
CAMBRIDGE ENTERPRISE LIMITED
Kraft Foods Global Brands LLC
Cytonix LLC
Marshall University Research Corporation
"NPS Pharmaceuticals, Inc."
"RGB Networks, Inc."
"Nanotek Instruments, Inc."
GANYMED PHARMACEUTICALS AG
"Hoozware, Inc."
"Dyadic International (USA), Inc."
"Joule Unlimited, Inc."
"PNM, Inc."
Ashcroft Inc.
GrafTech International Holdings Inc.
Certicom Corp.
Roche Palo Alto LLC
"Janus Pharmaceuticals, Inc."
"Genetic Biosystems, Inc."
"Cisco Technology, Inc."
"IP Genesis, Inc."
"Teledyne Scientific & Imaging, LLC"
Exatec LLC
Children's Hospital and Research Center at Oakland
"Savient Pharmaceuticals, Inc."
U.S. Smokeless Tobacco Company LLC
"AMBRX, Inc."
"Rockwell Medical Technologies, Inc."
BASF Coatings GmbH
Aerogroup International Holdings LLC
Badger Licensing LLC.
University of Pittsburghof the Commonwealth System of Higher Education
"Axikin Pharmaceuticals, Inc."
"ESBATech, an Alcon Biomedical Research, Unit LLC"
"Ceregene, Inc."
"Maven Biotechnologies, LLC"
"BioStruxs, LLC"
CITY UNIVERSITY OF HONG KONG
Tyco Healthcare Group LP
Memorial Sloan-Kettering Cancer Center
Butamax(TM) Advanced Biofuels LLC
CDI Bioscience
"PRC DeSoto International, Inc."
"Super Talent Electronics, Inc."
"Synthasome, Inc."
"The Government of the United States of America as represented by the Secretary of Health and Human Services, Centers for Disease Control and Prevention"
"NetApp, Inc."
"GM Global Technology Operations, Inc."
"CP Kelco U.S., Inc."
"Opko Ophthalmics, LLC"
Access Business Group International LLC
"Hy-Gene, Inc."
"Qiagen Gaithersburg, Inc."
The Research Foundation The State University of New York
"Applied Biosystems, LLC"
"Genisphere, LLC"
Zymo Research Corporation
"Lanxess, Inc."
"Iterative Therapeutics, Inc."
HemCon Medical Technologies Inc.
Bluebird Inc.
New York University School of Medicine
SomaGenics Inc.
ULURU Inc.
"Vertebral Technologies, Inc."
Clemson University Research Foundation
"Molecular Transfer, Inc."
Apple Inc.
"Synfuels International, Inc."
"Therapeutic Human Polyclonals, Inc."
"CELONOVA BIOSCIENCES, INC."
Ordway Research Institute
Notre Dame University
"Veridex, LLC"
Sungkyunkwan University Foundation for Corporate Collaboration
"NanoLab, Inc."
"Kinex Pharmaceuticals, LLC"
Sanford-Burnham Medical Research Institute
"CELL SIGNALING TECHNOLOGY, INC."
TranS1 Inc.
"Azul Systems, Inc."
"OncoMed Pharmaceuticals, Inc."
Saint-Gobain Performance Plastics Corporation
"Analog Devices, Inc."
"Adynxx, Inc."
"Siemens Medical Solutions USA, Inc."
"Genomatica, Inc."
"Valspar Sourcing, Inc."
"NuOrtho Surgical, Inc."
STRATATECH CORPORATION
Raytheon BBN Technologies Corp.
"Callida Genomics, Inc."
"Avon Products, Inc."
Potomac Pharmaceuticals Inc.
Marshfield Clinic
Medical Research Council Harvard University
ISP INVESTMENTS LLC
Advanced Bionutrition Corporation
Bioarray Solutions
"Synthetic Genomics, Inc."
"Dendritic Nanotechnologies, Inc."
"Fuji Xerox Co., Ltd."
"Codexis Mayflower Holding, LLC"
"Ning, Inc."
Georgia Health Sciences University
"Siemens Energy, Inc."
"Vincent James Enterprises, LLC"
Valent Biosciences Corporation
"George Mason Intellectual Properties, Inc."
E.I. du Pont de Nemours and Company Alliance for Sustainable Energy LLC
Clearplex Corporation
Laboratory Corporation of America Holdings
Silverbrook Research Pty Ltd
Fujifilm Diosynth Biotechnologies (UK) Limited
"Momenta Pharmaceuticals, Inc."
"Bio Architecture Lab, Inc."
"AstenJohnson, Inc."
"TheGreenCell, Inc."
"LG Display Co., Ltd."
Nederlandse Organisatie voor toegepast-natuurwetenschappelijk onderzoek TNO
Hospital for Special Surgery
Bram GmbH
G.D.O. Inc
"Trius Therapeutics, Inc."
Medivir AB
"Shrieve Chemical Products, Inc."
COOK MEDICAL TECHNOLOGIES LLC
Nalco Company
"Emisphere Technologies, Inc. "
U.S. Army Medical Research and Material Command
"KNC Ner Acquisition Sub, Inc."
"Intermolecular, Inc."
"DePuy Mitek, LLC"
"CoDA Therapeutics, Inc."
"Coskata, Inc."
"Joule Unlimited Technologies, Inc."
Eastern Michigan University
"Juvaris BioTherapeutics, Inc."
Greatbatch Ltd.
"PowerVision, Inc."
"Oriox Technologies, Inc."
Schering Corp.
"Nanotel Biotechnologies, Inc."
"WM GTL, Inc."
"Dianaplantsciences, Inc."
Seiko Instruments Inc.
Imperial Innovations Limited
"Aureon Laboratories, Inc."
"NHK Laboratories, Inc."
"iTaggit, Inc."
"Intezyne Technologies, Incorporated"
"McAlister Technologies, LLC"
"TransGenRx, Inc."
ELC Management LLC
"Helix Biomedix, Inc."
"Zimmer Dental, Inc."
Chart Inc.
"Xurex, Inc."
"Biovacs, Inc."
"W.M. Barr & Company, Inc."
"Johnson & Johnson Consumer Companies, Inc."
University of Kansas
Nuclea Biomarkers LLC
"Aurora Alage, Inc."
CSEM Centre Suisse d'Electronique et de Microtechnique SA-Recherche et Developpement
Biomet Manufacturing Corp.
"Verdezyne, Inc."
"Bio-Diagnostics, Inc."
Anthrogenesis Corporation
Cibus US LLC
"Amprius, Inc."
"Range Fuels, Inc."
"LS9, Inc."
Hollingsworth & Vose Company
Biocon Limited
Adesto Technologies
Quest Diagnostics Incorporated
"Givaudan, SA"
Boston Dynamics
"PGxHealth, LLC"
"Modular Genetics, Inc."
"Nuclea Biotechnologies, Inc."
"Medarex, Inc."
The Arizona Board of Regents of Behalf of the University of Arizona
Julius-Maximilians-Universitat Wurzburg
"Iverson Genetic Diagnostics, Inc."
"CellScript, LLC"
Boyce Thompson Institute Inc.
Cornell University
Bioneer Corporation
"Sapphire Energy, Inc."
"S.C. Johnson & Son, Inc."
Huntsman Petrochemical LLC
"UWM Research Foundation, Inc."
"Millennium Inorganic Chemicals, Inc."
"Georgia Health Science University Research Institute, Inc."
"Kemin Health, L.C."
Colorado State University Research Foundation
"CeramOptec Industries, Inc."
Ineos USA LLC
"Gel-Del Technologies, Inc."
"DNA Twopointo, Inc."
"Algenol Biofuels, Inc."
Ambrx
"Silicon Valley Medical Instruments, Inc."
"ConSensus Orthopedics, Inc."
The United States of America as represented by the U.S. Army Medical Research & Material Command
"ILoop Mobile, Inc."
"Nano Orthopedics, LLC"
"Medical Diagnostic Laboratories, LLC"
"Hitachi Metals, Ltd."
Ames Goldsmith Corp. 
Denovo Biologic LLC
"CL Solutions, LLC"
Redpoint Bio Corporation
"Auterra, Inc."
Two Blades Foundation
Tissue Genesis Incorporated
"ACETYLON PHARMACEUTICALS, INC."
INIS Biotech LLC
Merck Biosciences Corporation
"AutoMed Technologies, Inc."
JSR Corporation
Ivoclar Vivadent AG
GlaxoSmithKline
"Aderis Pharmaceuticals, Inc."
Commissariat a l'Energie Atomique et aux Energies Alternatives
Mitsubishi Electric Corporation
Robert Bosch GmbH
"Addnclick, Inc."
The University of Missouri System
Ohio Northern University
Myongji University Industry and Academia Cooperation
Flxon Incorporated
University of Utah Foundation
American University of Beirut
Acumed LLC
Mentor Worldwide LLC
"Surmodics Pharmaceuticals, Inc."
Sumcorp LLC
Sagres Discovery Inc.
"Icon Genetics, Inc."
"Pathologica, LLC"
"Scion Neurostim, LLC"
Polytechnic Institute of New York Unversity
Vasper Systems LLC
Lorus Therapeutics Inc.
The Board of Trustee of the Leland Stanford Junior University
Marine Biotech Inc.
Alcatel Lucent
Rajiv Gandhi Centre for Biotechnology
"Poetic Genetics, Inc."
Epcot Crenshaw Corporation
"Citrix Systems, Inc."
"Addn Click, Inc."
"Advanced Technologies and Regenerative Medicine, LLC"
Zorbx Inc.
FEI Company
Tulane Educational Fund
LifeCell Corporation
Widener University
Queen's College of the City University of New York
Bluestar Silicones France
"The Regents of the University of California, a California Corporation"
"Amazon Technologies, Inc."
Grandis Inc.
"BEI Technologies, Inc."
"Aseptia, Inc."
Nanao Corporation
"Precision Biosciences, Inc."
Ashland Licensing and Intellectual Property LLC
"BIOTECTIX, LLC"
Federal-Mogul Corporation
"B.I. Chemicals, Inc."
"SRU Biosystems, Inc."
Maine Medical Center
"Dicerna Pharmaceuticals, Inc."
Korea Institute of Radiological & Medical Sciences
Aleeva Medical Inc.
"CELLTRION, INC."
Treventis Corporation
NextBio
Universite d'Aix-Marseille II
Exogenesis Corporation
SCARAB GENOMICS LLC
"Galectin Therapeutics, Inc."
Atomic Energy Council-Institute of Nuclear Energy Research
"Gilead Biologics, Inc."
Sanofi Pasteur SA
Philip Morris USA Inc.
"Copernicus Therapeutics, Inc."
Tohoku University
"Matrix Genetics, LLC"
"Designer Molecules, Inc."
SABiosciences Corporation
Bioinfra Inc.
NEWPORT LABORATORIES
University of Memphis Research Foundation
Syracuse University
Rhodia Operations
Capacity Holdings LLC
"Rubicon Genomics, Inc."
Phillips 66 Company
"Tufts Medical Center, Inc."
Media and Process Technology Inc. 
Aopen Inc.
"Idera Pharmaceuticals, Inc."
Mascoma Corporation
Nordson Corporation
"Akikaze Technologies, Inc."
The United States States of America as represented by the Director of the National Security Agency
J-Lok Co.
"Nova, Inc."
"Meso Scale Technologies, LLC."
"Arisaph Pharmaceuticals, Inc."
"Quest Software, Inc."
Medgenics Medical Israel Ltd.
"ViSalus Holdings, LLC"
Miami University
AbbVie Inc.
The United States Army Medical Research and Materiel Command
"Astex Pharmaceuticals, Inc."
Verizon Patent and Licensing Inc.
"TRANSCONTINENTAL EVENTS, LLC"
Cristal USA Inc.
Butamax (TM) Advanced Biofuels LLC
Van Andel Research Institute
"Peak Biosciences, Inc."
"The Charles Stark Draper Laboratory, Inc."
Salus University
"PBI Performance Products, Inc."
"Taxon Biosciences, Inc."
"Synaptic Research, LLC"
Naidu LP
"Medifocus, Inc."
Indian Statistical Institute
"Creative Nail Design, Inc."
"Catalyst Power Technologies, Inc."
The Texas A & M University
Lifebooker LLC
Empire Technology Development LLC
Zoetis W LLC
"Tenth Caller, Inc."
Brown University
"Transgenex Nanobiotech, Inc."
"Elan Pharmaceuticals, Inc."
"Applied Nanotech Holdings, Inc."
"Nostrum Pharmaceuticals, Inc."
"Krow Innovation, LLC"
DuPont Teijin Films U.S. Limited Partnership
"Sequenta, Inc."
Ranbaxy Laboratories Limited
"Ansun Biopharma, Inc."
"Katholieke Universiteit Leuven, KU Leuven R&D"
Dow Technology Investments LLC
Invion Limited
"Envoy Therapeutics, Inc."
"GoPivotal, Inc."
"Recombinectics, Inc."
"Sarepta Therapeutics, Inc."
Gambro Lundia AB
"Terapia Celular, L'N, Inc."
National Sun Yat-Sen University
CNRS
Central Iowa Health System
EMD Millipore Corporation
SICPA Holding SA
"Veracyte, Inc."
"McAfee, Inc."
"Quick-Med Technologies, Inc."
Verenium Corporation
"Biodelivery Sciences International, Inc."
"Hemosonics, LLC"
CDM Smith Inc.
"Via Technologies, Inc."
TIME WARNER CABLE ENTERPRISES LLC
"Transposagen Biopharmaceuticals, Inc."
"CPS Products, Inc."
Beth Israel Medical Center
Bioalternatives SAS
HGST NETHERLANDS B.V.
Monell Chemical Senses Center
"Cyberonics, Inc."
SENEX BIOTECHNOLOGY INC
"Solvay Advanced Polymers, L.L.C."
"Metabolon, Inc."
"Synthezyme, LLC"
Medicis Pharmaceutical Corporation
"Globus Medical, Inc."
"Monogram Biosciences, Inc."
"Fortunerock, Inc. USA"
"VALTED, LLC"
"Sentinella Pharmaceuticals, Inc."
"Pathdogica, LLC"
STC.UNM
Avtaec Limited
The University of Liverpool
A123 Systems LLC
"DePuy Synthes Products, LLC"
"Samsung Techwin Co., Ltd."
"InnoVitamin Organics, LLC"
AbbVie Biotherapeutics Inc.
"InCube Labs, LLC"
Philip Morris Products S.A.
Promerus LLC
Institute for Systems Biology
Alethia Biotherapeutics Inc.
"Retrotope, Inc."
E. I. du Nemours and Company
LifeShield Sciences LLC
"R?che Diagnostics Operations, Inc."
"SOLAZYME, INC."
BROADCOM CORPORATION
"Targeted Growth, Inc."
"Medtronic PS Medical, Inc."
"Marrone Bio Innovations, Inc."
AvidBiotics Corp.
National Cheng Kung University
"Janssen Biotech, Inc."
"Hill's Pet Nutrition, Inc."
"Fuji Electric Co., Ltd."
Pharmion Corporation
"Prolitec, Inc."
"PeptiMed, Inc."
GLIKNIK INC.
"Cura Vac, Inc."
"Cytex Therapeutics, Inc."
Worcester Polytechnic Institute
Kyocera Mita Corporation
"THE BOARD INSTITUTE, INC."
The Coca-Cola Company
"Medarex, L.L.C."
Johnson Matthey PLC
Celawese International Corp.
Prokaria ltd.
"Prolynx, LLC"
Icahn School of Medicine at Mount Sinai
"Medtronic Vascular, Inc."
Colorado School of Mines
"Eventbee, Inc."
"Quality IP Holdings, Inc."
GLOBALFOUNDRIES Inc.
Sutter West Bay Hospitals
"Marker Gene Technologies, Inc."
"Synopsys, Inc."
"Samsin USA, LLC"
"TangoMe, Inc."
"NGK Insulators, Ltd."
Stellenbosch University
Stokes Bio Limited
"Neumedicines, Inc."
West Virginia University Research Corporation
"Glycos Biotechnologies, Inc."
Vascular BioSciences
"Floratine Products Group, Inc"
AccuRay Corporation
Tagzo World LLC
"Georgia Regents Research Institute, Inc."
Boston Biomedical Research Institute 
"Confluence Energy, LLC"
Sigma-Aldvich Co. LLC
Sunnybrook Health Sciences Centre
Clean Control Corporation
"ASTUTE MEDICAL, INC."
Marinvent Corporation
SABIC GLOBAL TECHNOLOGIES B.V.
BAC-OFF Corporation
Inter American University of Puerto Rico
Florida Atlantic University Research Corporation
Alderbio Holdings LLC
"Advensys, LLC"
Rohm and Haas Electronic Materials LLC
"ACell, Inc."
VINDICO NANOBIO TECHNOLOGY INC.
"Elsohly Laboratories, Incorporated"
"California Pacific Medical Center, Research Institute "
Arrowhead Madison Inc.
Allegheny-Singer Research Institute
NDSU Research Foundation
Blanchette Rockefeller Neuroscience Institute
Old Dominion University
Harrisvaccines
The Research Foundation for the State University of New York
KOREA UNIVERSITY RESEARCH AND BUSINESS FOUNDATION
FPInnovations
Howmedica Osteonics Corp.
"ENTERIS BIOPHARMA, INC."
TRISTEL PLC
Psion Inc.
Adaptive Graphx LLC
"Medtronic Xomed, Inc."
"Biotechnology Foundation, Inc."
"Metavana, Inc."
"Unisen, Inc."
"AgriChem, Inc."
JNC Corporation
True[X] Media Inc.
"Arthrex, Inc."
"Lyotropic Therapeutics, Inc."
"Systagenix Wound Management (US), Inc."
"SynerGene Therapeutics, Inc."
Cadtrak Corporation
DirectPacket Research Inc.
"Symdent, Inc."
"SAMSUNG DISPLAY CO., LTD."
MPB Communications Inc.
Dart Neuroscience (Cayman) Ltd.
"Neurogenetic Pharmaceuticals, Inc."
"Isogenis, Inc."
"Saint-Gobain Ceramics & Plastics, Inc."
"Ampio Pharmaceuticals, Inc."
Coloplast A/S
Jindal Films Americas LLC
"Oxfordian, LLC"
Ansell Healthcare Products LLC
SAP SE
"Solenis Technologies, L.P."
Hitachi High-Technologies Corporation
"Bezwada Biomedical, LLC"
ANGUS CHEMICAL COMPANY
Genremedy LLC
"OP40, Inc."
"Cardiva Medical, Inc."
"ESCAPE THERAPEUTICS, INC."
"Alzheimer's Institute of America, Inc."
Sam Houston University
"CAVENDISH KINETICS, INC."
WHATSAPP INC.
Healionics Corporation
"Tag-Matic, Inc."
Uniseal Solutions Inc.
"Liquidia Technologies, Inc."
"Aquion Energy, Inc."
"Pierce Biotechnology, Inc."
"Virovek, Inc."
"RES USA, LLC"
"OPKO Pharmaceuticals, LLC"
"RDC Holdings, LLC"
"XenoPort, Inc."
"MICROSOFT TECHNOLOGY LICENSING, LLC"
Toxic Report LLC
"GreenLight Biosciences, Inc."
"Arizona Board of Regents, a body coporate acting for and on behalf of Arizona State University"
"Beeonics, Inc."
Kraft Foods Group Brands LLC
"Nanoquantum Sciences, Inc."
ENPAR TECHNOLOGIES INC.
Covidien LP
MDxHealth SA
Integral ElectroMagnetronic Technologies LLC
"LifeWave, Inc."
Cellhealth Technologies Ltd.
University of North Dakota
"Fezza Family Properties, LLC"
"S. C. Johnson & Son, Inc. "
"Parion Sciences, Inc."
"Interez, Inc."
NTNU Technology Transfer AS
"Alfa Wassermann, S.p.A."
South Dakota State University
Kuehnle Agrosystems Company LLC
"Kamtec, LLC"
Atrium Medical Corporation
"Syntrix Biosystems, Inc."
Thierry Giorno
Eaton Corporation
QIAGEN Sciences LLC
OHIO STATE INNOVATION FOUNDATION
Crealta Pharmaceuticals LLC
"REG Life Sciences, LLC"
Meyer Nutriceuticals LLC
Avaya Inc.
Dell Software Inc.
Koninklijke Philips N.V.
Kabushiki Kaisha Eighting
"Sutro Biopharma, Inc."
Buck Institute for Research on Aging
Toshiba Medical Systems Corporation
"Harvard Apparatus Regenerative Technology, Inc."
"Intuitive Surgical Operations, Inc."
Google Inc.
"DNAmicroarray, Inc."
"Vaxiion Therapeutics, Inc."
International AIDS Vaccine Initiative
"Theraclone Sciences, Inc."
Florida A&M University
Wacker Chemical Corporation
Scipps Health
"Arcturus Therapeutics, Inc."
"CallSign, Inc."
Bioremediation Specialists L.L.C.
H. Lee Moffitt Cancer and Research Institute
Perfusion Fluid Technologies Inc
"iWalk, Inc."
"MuniRem Environmental, LLC"
GEOPHIA LLC
"LOOKOUT, INC."
"New Products I, Inc."
"Cell Constructs I, LLC"
"RD Biosciences, Inc."
"EMMETROPE, INC."
"Eastman Renewable Materials, LLC"
"The United States of America as represented by the Federal Bureau of Investigation, Department of Justice"
"Disney Enterprises, Inc."
"F5 Networks, Inc."
"Cymbiotics, Inc."
"Prognosys Biosciences, Inc."
APPLIED MOLECULAR TRANSPORT LLC
"KBI Biopharma, Inc."
HOUGH EAR INSTITUTE
"SonoGene, L.L.C."
AM Stabilizers Corporation
"22nd Century Limited, LLC"
Indiana University Research & Technology Corp.
BAXALTA INCORPORATED
"Truckee Applied Genomics, LLC"
Dixie Consumer Products LLC
"Applied Materials, Inc."
"Dogwood Pharmaceuticals, Inc."
Kia Motors Corporation 
Algenol Biotech LLC
"H. LEE MOFFIT CANCER CENTER AND RESEARCH INSTITUTE, INC."
Arrowhead Research Corporation
DSM Nutritional Products AG
"Nationwide Children's Hospital, Inc."
SUN CHEMICAL B.V.
"Production Resource Group, L.L.C."
"Tissue Genesis, Inc."
"Symbiota, Inc."
"Solvay Specialty Polymers USA, LLC"
Interexon Corporation
The Trustees of the Stevens Institute of Technology
The Corporation of Mercer University
"PROTEOVEC HOLDING, L.L.C."
"GlaxoSmithKline Biologicals, S.A."
"Greenwood Genetic Center, Inc."
Baruch S. Blumberg Institute
"PELLION TECHNOLOGIES, INC."
"DTherapeutics, LLC"
BeSatori LLC
"STRIKE BIO, INC."
Quallion LLC
"Louisiana Tech University Research Foundation; a division of Louisiana Tech University Foundation, Inc."
"Continental Automotive Systems US, Inc."
Universal Display Corporation
"ACIST Medical Systems, Inc."
"KAI Pharmaceuticals, Inc."
Incept LLC
"Peytant Solutions, Inc."
"Sophoro Biotechnologies, LLC"
E. Tech Incorporation
"Easel Biotechnologies, LLC"
Palo Alto Research Center Incorporated
"Gilead Connecticut, Inc."
AgroFresh Inc.
"MCI, Inc."
"Handylab, Inc."
DISCOVERYBIOMED INC.
Visa International Business Machines Corporation
"APPLIED STEMCELL, INC."
"Intrexon CEU, Inc."
"System Biosciences, LLC"
"SeQual Technologies, Inc."
"Novon, Inc."
"Previvo Genetics, LLC"
RINAT NEUROSCIENCE CORP.
Abbott Point of Care Inc.
"Red Hat, Inc."
"PluroGen Therapeutics, Inc."
"Caribou Biosciences, Inc."
"Plant Sensory Systems, LLC"
"Da Yu Enterprises, L.L.C."
"Pharmatrophix, Inc."
UNIVERITY OF MASSACHUSETTS
"Amicus Therapeutics, Inc."
"Autonomic Materials, Inc."
"kSep Systems, LLC"
"Ibis Biosciences, Inc."
Mississippi State University Research and Technology Corporation
"GangaGen, Inc."
PolyOne Corporation
"STANDARD ALCOHOL COMPANY OF AMERICA, INC."
Leigh University
Sichuan University
BASF Enzymes LLC
"Dentsply International, Inc."
"CMC ICOS BIOLOGICS, INC."
"Tersus Environmental, LLC"
Beryllium Discovery Corp.
Illinois Institute of Technology
"Nant Holdings IP, LLC"
"Sumitomo Rubber Industries, Ltd. "
"Koch Biological Solutions, LLC"
The Gates Corporation
"Avantor Performance Materials, Inc."
AZ Electronic Materials (Luxembourg) S.A.R.L.
Adaptive Biotechnologies Corp.
Nikon Corporation
"NanoOncology, Inc."
"Faurecia Interior Systems, Inc."
Sutter Bay Hospitals
"CPT IP Holdings, LLC"
"OrbusNeich Medical, Inc."
"Longhorn Vaccines and Diagnostics, LLC"
"Calysta, Inc."
"Ajinomoto Althea, Inc."
"NeuMoDx Molecular, Inc."
"GE Healthcare Dharmacon, Inc."
"CellPrint IP Holding, LLC"
Pacific Industrial Development Corporation
"Agrivida, Inc."
"Epizyme, Inc."
"aTyr Pharma, Inc."
"Gardner-Gibson, Inc."
China University of Petroleum-Beijing
Thermo Fisher Scientific Inc.
"Ceramatec, Inc."
Chevron Phillips Chemical Company LP
Women and Infants' Hospital Rhode Island
Seiko Epson Corporation
Institute of Advanced Study
"AxioMx, Inc."
Adobe Systems Incorporated
Tau Therapeutics LLC
"Ojai Retinal Technology, LLC"
Roche Innovation Center Copenhagen A/S
Dana Corporation
"DNA2.0, INC."
"CA, Inc."
"PLYCEM USA, INC."
Incyte Holdings Corporation
Em-Tech LLC
"bioTheranostics, Inc."
GLYCON LLC
"Matrix Odyssey, LLC"
"Leap Frogg, LLC"
"MIETAMARK GENETICS, INC."
Cleanvantage LLC
University of Calcutta
"ServiceNow, Inc."
"Freescale Semiconductor, Inc."
Child Laboratories Inc.
"Therapeutic Proteins International, LLC"
"Ecovative Design, LLC"
Litron Laboratories Limited
"Colorado Seminary, which owns and operates the University of Denver"
"Verliant Energy, Inc."
Duquesne University of the Holy Ghost
SanDisk Technologies LLC
Global Eagle Entertainment Inc.
NEWFIELD THERAPEUTICS CORPORATION
"Elcriton, Inc."
Sony Interactive Entertainment America LLC
"Mumetel, LLC"
RenovaCare Sciences Corp.
"Sirnaomics, Inc."
Proterra Inc.
"Kiverdi, Inc."
"SRG Global, Inc."
KUBIX INC.
University of Washington through its Center for Commercialization
"TerraVia Holdings, Inc."
"Annam Biosciences, LLC"
Thoratec Corporation
"Materia, Inc."
University of MiamiDiabetes Research Institute
"Vindico NanoBioTechnology, LLC"
STMicroelectronics S.A.
"T.H.E.M., Inc."
Denso Corporation
TEKNOR APEX COMPANY
INFINEUM INTERNATIONAL LIMITED
"Immunopath Profile, Inc."
"Authenex, Inc."
University of Puerto Rico
"Twitter, Inc."
Zoetis Services LLC
B.G. Negev Technologies and Applications Ltd.
"Lion Copolymer Geismar, LLC"
"Ablexis, LLC"
"IDEA TREE, LLC"
"Revivicor, Inc."
Santoku Corporation
